Unnamed: 0,% change from preceding month ;  Total (State) ;  Food retailing ;,% change from preceding month ;  Total (State) ;  Household goods retailing ;,"% change from preceding month ;  Total (State) ;  Clothing, footwear and personal accessory retailing ;",% change from preceding month ;  Total (State) ;  Department stores ;,% change from preceding month ;  Total (State) ;  Other retailing ;,"% change from preceding month ;  Total (State) ;  Cafes, restaurants and takeaway food services ;",% change from preceding month ;  Total (State) ;  Total (Industry) ;,% change from preceding month ;  Total (State) ;  Food retailing ;.1,% change from preceding month ;  Total (State) ;  Household goods retailing ;.1,"% change from preceding month ;  Total (State) ;  Clothing, footwear and personal accessory retailing ;.1",% change from preceding month ;  Total (State) ;  Department stores ;.1,% change from preceding month ;  Total (State) ;  Other retailing ;.1,"% change from preceding month ;  Total (State) ;  Cafes, restaurants and takeaway food services ;.1",% change from preceding month ;  Total (State) ;  Total (Industry) ;.1,% change from preceding month ;  Total (State) ;  Food retailing ;.2,% change from preceding month ;  Total (State) ;  Household goods retailing ;.2,"% change from preceding month ;  Total (State) ;  Clothing, footwear and personal accessory retailing ;.2",% change from preceding month ;  Total (State) ;  Department stores ;.2,% change from preceding month ;  Total (State) ;  Other retailing ;.2,"% change from preceding month ;  Total (State) ;  Cafes, restaurants and takeaway food services ;.2",% change from preceding month ;  Total (State) ;  Total (Industry) ;.2
Unit,Percent,Percent,Percent,Percent,Percent,Percent,Percent,Percent,Percent,Percent,Percent,Percent,Percent,Percent,Percent,Percent,Percent,Percent,Percent,Percent,Percent
Series Type,Original,Original,Original,Original,Original,Original,Original,Seasonally Adjusted,Seasonally Adjusted,Seasonally Adjusted,Seasonally Adjusted,Seasonally Adjusted,Seasonally Adjusted,Seasonally Adjusted,Trend,Trend,Trend,Trend,Trend,Trend,Trend
Data Type,PERCENT,PERCENT,PERCENT,PERCENT,PERCENT,PERCENT,PERCENT,PERCENT,PERCENT,PERCENT,PERCENT,PERCENT,PERCENT,PERCENT,PERCENT,PERCENT,PERCENT,PERCENT,PERCENT,PERCENT,PERCENT
Frequency,Month,Month,Month,Month,Month,Month,Month,Month,Month,Month,Month,Month,Month,Month,Month,Month,Month,Month,Month,Month,Month
Collection Month,1,1,1,1,1,1,1,1,1,1,1,1,1,1,1,1,1,1,1,1,1
Series Start,1982-04-01 00:00:00,1982-04-01 00:00:00,1982-04-01 00:00:00,1982-04-01 00:00:00,1982-04-01 00:00:00,1982-04-01 00:00:00,1982-04-01 00:00:00,1982-04-01 00:00:00,1982-04-01 00:00:00,1982-04-01 00:00:00,1982-04-01 00:00:00,1982-04-01 00:00:00,1982-04-01 00:00:00,1982-04-01 00:00:00,1982-04-01 00:00:00,1982-04-01 00:00:00,1982-04-01 00:00:00,1982-04-01 00:00:00,1982-04-01 00:00:00,1982-04-01 00:00:00,1982-04-01 00:00:00
Series End,2021-07-01 00:00:00,2021-07-01 00:00:00,2021-07-01 00:00:00,2021-07-01 00:00:00,2021-07-01 00:00:00,2021-07-01 00:00:00,2021-07-01 00:00:00,2021-07-01 00:00:00,2021-07-01 00:00:00,2021-07-01 00:00:00,2021-07-01 00:00:00,2021-07-01 00:00:00,2021-07-01 00:00:00,2021-07-01 00:00:00,2021-07-01 00:00:00,2021-07-01 00:00:00,2021-07-01 00:00:00,2021-07-01 00:00:00,2021-07-01 00:00:00,2021-07-01 00:00:00,2021-07-01 00:00:00
No. Obs,472,472,472,472,472,472,472,472,472,472,472,472,472,472,472,472,472,472,472,472,472
Series ID,A3348592L,A3348601C,A3348610F,A3348619A,A3348628C,A3348637F,A3348583K,A3348595V,A3348604K,A3348613L,A3348622R,A3348631T,A3348640V,A3348586T,A3348598A,A3348607T,A3348616V,A3348625W,A3348634X,A3348643A,A3348589X
1982-04-01 00:00:00,,,,,,,,,,,,,,,,,,,,,
1982-05-01 00:00:00,-1,6.3,7.4,9.2,1.4,-0.1,3,1,-0.7,0.5,2,-1.1,-1,0.3,0.7,0.2,-0.2,0.4,0,-0.3,0.3
1982-06-01 00:00:00,0.8,-3.5,-9.3,-11.7,-3.8,-3.9,-4,2.1,1.1,0.7,-2.1,0.9,1.3,1,0.9,0.2,0,0.5,0,-0.2,0.4
1982-07-01 00:00:00,4,4.1,2.5,3.4,5.1,3,3.8,0.5,0.7,-0.9,-0.6,-0.6,-2.7,-0.2,0.9,0.1,0,0.4,0.1,0,0.4
1982-08-01 00:00:00,-4.5,-1.5,-9.5,-4.5,-1.1,-2.1,-3.8,-0.9,-0.1,-0.7,8.1,0.5,0.4,0.8,0.9,0,0.1,0.2,0.1,0.2,0.4
1982-09-01 00:00:00,3.2,-0.1,6.5,6.1,0.9,3.2,2.9,1.6,0.3,1.3,-5.8,0.1,1.1,0,0.9,-0.1,0.4,-0.2,0.1,0.7,0.4
1982-10-01 00:00:00,4.9,2.6,2.3,-2.7,2.2,4.8,2.8,2,-1.8,-1.3,-0.5,0.3,2.2,0.4,0.7,0.4,0.8,-0.6,0.5,1.2,0.5
1982-11-01 00:00:00,2.7,12.4,14,15.5,6,4.5,7.9,1.5,1.3,4.5,1.1,0.3,1.7,1.6,1,1.4,1.2,-0.5,0.9,1.7,0.9
1982-12-01 00:00:00,15.8,50.2,41.5,70.1,36.6,15.6,35.2,-1.2,1.9,0.2,-1.9,1.7,0.4,0,1.1,2,1.5,0.2,1.2,1.4,1.2
1983-01-01 00:00:00,-18.9,-42.8,-42.9,-57.4,-32.2,-14.9,-34.7,-0.4,4.8,2.7,-1.5,1.5,2.1,1.2,0.8,2.1,1.5,0.9,1.1,1,1.3
1983-02-01 00:00:00,1.8,0.9,-8.5,-0.3,1.6,-5.6,-0.4,5.8,1.4,-1.8,6.7,2.1,2.3,3.4,1,1.8,1.2,1.4,0.9,0.4,1.2
1983-03-01 00:00:00,8.8,15.7,26.3,24.9,7.9,5.1,12.9,-1.4,2.3,4.2,0,0,-3.1,0,0.6,1.2,0.9,1.5,0.8,-0.1,0.9
1983-04-01 00:00:00,-4.6,-11.9,9.3,6.6,-8.3,-4,-3.7,0.6,-0.9,7.3,6.9,-0.2,-0.5,1.6,0.7,0.3,0.7,0.9,0.8,0,0.6
1983-05-01 00:00:00,-1.5,10.2,1.5,1.4,5.5,2.7,2.6,-0.5,-1.7,-7.9,-8.4,0.5,0.7,-2.4,0.7,0.1,0.9,0.4,0.7,0.2,0.5
1983-06-01 00:00:00,1.4,-5.2,-8.5,-9.4,-2.6,-3.7,-3.4,1.1,0.5,1.5,2.5,1.4,0.7,1.2,0.7,-0.1,0.9,0.1,0.8,0.5,0.4
1983-07-01 00:00:00,1.9,-0.7,0.3,1.3,2.5,5,1.5,1.7,-1.1,1.5,0.4,0.5,1.8,0.8,0.8,0.2,0.8,0.1,0.9,0.5,0.5
1983-08-01 00:00:00,3.4,8.2,-1.1,-2.2,6.6,3.1,3.5,1.4,3.9,1.1,1.8,2,0.9,1.9,1.1,0.6,0.6,0.2,0.9,0.5,0.7
1983-09-01 00:00:00,-1.1,-2.9,5.8,5.3,-1.1,0.4,0.2,0.3,-0.9,2.9,-1.7,0.9,0.2,0.1,1,1.1,0.4,0.4,0.9,0.4,0.8
1983-10-01 00:00:00,2.5,3.5,-1.5,0.5,1,-0.9,1.4,0.6,1.7,-2.9,3.7,0.1,-2.1,0.5,0.7,1,0.4,0.4,0.8,0.4,0.7
1983-11-01 00:00:00,4.1,14.1,9.1,17.2,7.3,4.4,8.6,1.1,0.6,-1.7,-1.1,0.3,0.7,0.3,0.4,0.9,0.5,0.3,0.6,0.5,0.6
1983-12-01 00:00:00,16.4,46.9,45,69.5,33.9,17.5,35,0.4,0.8,3.6,-1.1,1,2.2,0.9,0.1,0.7,1,0.3,0.5,1,0.6
1984-01-01 00:00:00,-20,-42.9,-42.9,-57,-32.3,-15.3,-34.9,-1,2.8,1.8,-0.9,0.7,2.1,0.5,0,0.2,1.3,0.4,0.6,1.3,0.5
1984-02-01 00:00:00,1.6,2.1,-3.2,0,4.2,-3,0.9,0,-0.3,0.1,4,0.2,0.5,0.5,0.2,-0.3,1.3,0.8,0.5,1.5,0.5
1984-03-01 00:00:00,4,6.8,21.1,16.9,2.3,5.5,7.4,-0.4,0.6,5.4,0.7,0.8,2,0.9,0.4,-0.2,1,1.3,0.6,1.4,0.5
1984-04-01 00:00:00,-3,-14.9,-2.9,0.5,-7.8,-3.6,-5.5,2.9,-5.1,-2.9,1.4,0.3,0.7,0,0.7,-0.4,0.4,1.6,0.4,1.1,0.5
1984-05-01 00:00:00,4.3,19,18.2,22.7,11.4,8,12,-0.1,1,0.2,0.9,0.9,1.9,0.6,0.7,-0.2,-0.1,1.8,0.3,0.5,0.4
1984-06-01 00:00:00,-2.6,-10.3,-16.2,-16.3,-8.1,-7.8,-8.7,0.4,-1.4,-2.9,-0.3,-0.6,-1.7,-0.7,0.7,0.1,-0.2,1.6,0.4,0.3,0.5
1984-07-01 00:00:00,-0.4,4.6,2.2,8.6,3.2,3,2.7,1.5,4.4,3.7,8.7,1.8,1.1,3.2,0.7,0.4,0,1.3,0.5,0.2,0.5
1984-08-01 00:00:00,5.5,4.5,0.6,-7.4,5.8,4.1,3,-0.2,-1.7,-0.1,-5.7,-1.1,-0.5,-1.4,0.5,0.9,0.2,0.9,0.7,0.2,0.6
1984-09-01 00:00:00,-5.6,-8.4,-5.4,3.9,-5.8,-3.5,-4.8,0.2,0.1,-1.1,3.7,1.3,0.5,0.7,0.5,0.9,0.6,0.7,0.8,0.3,0.7
1984-10-01 00:00:00,7.9,13.3,13.8,6.5,10.3,7.5,9.6,1.1,1.6,2.6,-0.6,2,1.3,1.2,0.8,0.5,0.9,0.5,0.9,0.5,0.7
1984-11-01 00:00:00,2.7,11.7,8.6,12,6.1,2.8,6.6,1,1.7,0.7,0.3,1.5,0.4,1,0.7,0.3,1,0.5,0.8,0.6,0.7
1984-12-01 00:00:00,12.3,36.7,31.8,66.8,25.8,11.8,28.3,0.8,0.3,-0.4,0.5,-0.7,0.7,0.3,0.9,0.4,1.1,0.8,0.7,0.7,0.8
1985-01-01 00:00:00,-12,-40.2,-37.1,-50.3,-27,-12.8,-29.4,1.3,-1.8,3.1,2.7,0.9,-0.1,0.9,0.8,0.8,1.3,1.4,0.6,0.8,0.9
1985-02-01 00:00:00,-5.9,-4.8,-8.3,-12.4,-3.5,-7.9,-6.6,0.3,0.3,2.5,1.7,0.4,1.6,0.9,0.8,1.2,1.4,1.8,0.3,0.9,1
1985-03-01 00:00:00,7,10.9,13.6,16.2,3.8,6.2,8.8,0.3,3.5,-1.5,-0.4,0.5,0.4,0.6,0.8,1.3,1.4,1.8,0.4,1,1.1
1985-04-01 00:00:00,-1.3,-2.8,7.7,11.8,-4.2,0.9,0.8,1.1,2.6,1.7,3.3,-0.4,2,1.6,0.9,1.7,1.3,1.6,0.6,1.1,1.2
1985-05-01 00:00:00,5.6,18.6,19.9,19.2,11.4,6.3,12.1,1.5,2.2,3,5,1.8,1,2.2,1.1,1.4,1.2,1.2,0.9,1.4,1.2
1985-06-01 00:00:00,-6.6,-13.3,-16.3,-19.8,-10.4,-8.8,-11.6,0.5,-0.2,1.4,-3.4,1,0.4,0,1.2,1.1,1.1,0.8,0.9,1.6,1.1
1985-07-01 00:00:00,7.2,7.8,5.3,7.3,9.6,10.3,7.7,3,0.5,-0.4,0.6,1.4,2.9,1.6,1.2,1.1,1.2,0.4,1,1.8,1.1
1985-08-01 00:00:00,1.7,2,-2,-3.4,3.4,3.9,1.1,-1,-0.2,1.5,0.5,0.6,1.9,0.1,1.1,1,1.3,0.3,0.9,1.8,1.1
1985-09-01 00:00:00,-4.3,-4.8,-3.1,-3.3,-5.4,-2.3,-4.1,2.1,2.2,-0.7,1.1,0.6,1.5,1.4,1,1.2,1.3,0.3,0.9,1.7,1.1
1985-10-01 00:00:00,9.1,13.5,15.5,13.1,8.5,8.5,10.9,1.2,1.6,3.9,0.4,0.2,2.2,1.4,0.9,1.3,1,0.4,1,1.5,1
1985-11-01 00:00:00,0.7,10.4,6.6,9.4,5.6,2.4,5.1,-0.3,3,2,-0.7,1.9,0.7,0.9,0.7,1,0.4,0.2,0.9,1.1,0.7
1985-12-01 00:00:00,12,38.9,34.5,70.4,28.9,11.5,29.8,1.5,0.5,-0.7,1.2,1.7,0.3,0.9,0.7,0.3,-0.2,0.1,0.9,0.9,0.5
1986-01-01 00:00:00,-10.3,-39.9,-40.4,-52,-26.7,-10.6,-29.5,0.3,-2.8,-3.3,1.9,0.1,1.5,-0.3,0.8,0.1,-0.4,-0.1,0.8,0.9,0.4
1986-02-01 00:00:00,-6.9,-6,-10.6,-16.2,-3.7,-10.2,-8.1,0.9,0.5,1.4,-2.5,1.5,-0.1,0.4,0.8,0.2,-0.3,-0.1,0.9,1.1,0.5
1986-03-01 00:00:00,7.6,0.6,5.1,14.5,-0.8,6,5.4,0.7,-1.4,-5.1,-3.4,-1.8,1.6,-1.1,0.9,0.5,0.1,0.2,0.9,1.3,0.7
1986-04-01 00:00:00,-2,7.7,20.2,8.6,4.1,3.5,4.4,1,4.1,6.5,2.9,3.2,2.2,2.8,1.1,1,0.7,0.6,0.8,1.6,1
1986-05-01 00:00:00,6.3,13.1,16.6,26.5,7.2,6.8,11.3,1.7,2.2,4.5,9.5,1,3.2,3.2,1.1,1.3,1.1,1.2,0.8,1.7,1.1
1986-06-01 00:00:00,-6.2,-10.9,-17.4,-26.4,-9.6,-8.7,-11.9,1.5,0.5,-3,-10.3,0.6,-0.7,-1.1,0.9,1.3,1,1.4,0.9,1.5,1.1
1986-07-01 00:00:00,5.1,5.3,4.4,19.8,8,8.6,7.6,-0.4,-1.7,-1.2,9.2,-0.1,1.2,0.7,0.8,0.6,0.7,1.3,0.9,1.4,0.9
1986-08-01 00:00:00,-0.1,2.3,-4.5,-12.4,1.1,2.3,-1.3,0.8,4.2,3.8,-0.2,1.6,3.3,2,0.5,0.2,0.4,0.9,0.8,1.1,0.6
1986-09-01 00:00:00,-0.9,-4,2.6,13.9,-0.4,-0.2,0.8,0.7,-2.9,-1.5,2.5,0.3,-0.4,-0.1,0.5,-0.1,0.2,0.5,0.8,1,0.4
1986-10-01 00:00:00,6.5,10.2,9.8,0.6,8.4,6.1,6.9,-0.4,0,-0.1,-3,1.6,0.9,-0.2,0.4,-0.1,0.1,0.4,0.8,0.9,0.4
1986-11-01 00:00:00,-2.3,1.9,0,5.3,-0.9,-1.2,0,1.4,0.2,1.5,-2.3,-0.1,0.8,0.4,0.6,0,0.2,0.5,0.7,0.7,0.5
1986-12-01 00:00:00,16.8,46,47.4,95.2,35.6,17.6,38.4,-0.3,-0.3,1.1,6.9,0.7,0.8,1,0.7,0.1,0.2,0.5,0.8,0.7,0.5
1987-01-01 00:00:00,-11.7,-39.1,-42.7,-55.1,-28.5,-13.8,-31,1.4,1.3,-3.3,-1.4,1.5,0.7,0.5,0.7,0.2,0.1,0.3,0.9,0.5,0.5
1987-02-01 00:00:00,-6.6,-5.6,-9.4,-16.4,-3.5,-8.1,-7.6,1.3,0.2,1.9,-0.4,0.9,1.4,0.9,0.6,0.4,0.4,0.5,1,0.4,0.6
1987-03-01 00:00:00,4.7,6.1,14.8,16.9,2.2,3.5,6.7,0.2,0.9,1.9,1.3,-0.4,-1.2,0.4,0.6,0.6,0.8,0.7,1,0.6,0.7
1987-04-01 00:00:00,1.9,-1.8,10.3,12.4,2.4,2.7,3.5,-0.3,-0.2,0.2,-0.5,3.4,1.3,0.4,0.5,0.5,1.2,0.8,1.1,0.7,0.7
1987-05-01 00:00:00,-0.1,10.2,10.7,5.9,4.2,1.3,4.3,1.1,0.8,2.4,0.2,-0.1,0.8,0.9,0.5,1,1.6,0.8,1.1,0.9,0.8
1987-06-01 00:00:00,-3.4,-5.1,-9.5,-6.1,-4.8,-4,-5,0.3,0.7,-0.2,1.8,1,0.1,0.6,0.4,1.2,1.7,0.6,0.9,1,0.9
1987-07-01 00:00:00,5.4,8.2,9.5,7.5,7,10.4,7.3,-0.2,2.7,4.3,5.2,0.4,3.8,2,0.4,1.8,1.6,0.3,0.7,1.1,0.9
1987-08-01 00:00:00,-1.9,-2.2,-10.5,-16.5,-0.8,-2.5,-4.7,1.7,2.2,0,-4.8,1.5,0,0.5,0.8,1.7,0.9,0,0.6,1.3,0.8
1987-09-01 00:00:00,0.5,1.6,8.6,11.8,1.3,1.5,3,0.1,1,1.9,-1.4,0,0.2,0.2,0.6,1.6,0.3,-0.1,0.4,1,0.7
1987-10-01 00:00:00,6.1,11.1,5.9,5.5,3.9,5.2,6.5,0.3,2.4,-1.4,0.9,-0.4,1,0.6,0.6,1.1,0,0,0.2,0.7,0.5
1987-11-01 00:00:00,-2.9,2.4,-1.6,4.8,1,-0.2,0,1.4,-0.2,-1.4,-0.1,0.4,1.2,0.5,0.5,0.9,-0.1,0.3,0.1,0.4,0.4
1987-12-01 00:00:00,20.5,45.3,47.2,96.4,35,18.9,39.6,1,0.2,0.3,2.7,0.8,1.7,1,0.5,0.8,0.2,0.8,-0.1,0.3,0.4
1988-01-01 00:00:00,-17,-40.4,-43.7,-56.8,-31.7,-18.2,-33.9,-1.6,0,-2.1,2.6,-1.2,-3.1,-0.9,0.4,0.9,0.5,1.1,0.5,0.4,0.6
1988-02-01 00:00:00,-2.1,3.1,3.2,-12.7,2.1,-3.1,-1.5,0.4,3.2,9.6,-2.6,1.1,1.4,1.6,0.7,0.9,0.9,1.1,0.5,0.9,0.8
1988-03-01 00:00:00,9.6,6.9,9.6,23.1,5.8,6.7,9.6,2.1,0.6,-3.3,1.3,1.3,1.8,1,0.6,1.1,0.9,0.7,0.9,1.3,0.9
1988-04-01 00:00:00,-4.2,-8.7,2.2,5.5,-7.9,-2.1,-3.5,1.6,-0.9,-0.7,2.3,0.4,2.7,1,0.7,1.2,0.9,0.3,1.1,1.7,0.9
1988-05-01 00:00:00,-1.6,13.7,10,3.5,8.1,3,4.7,-0.1,3.8,1.3,-0.3,2.2,1.6,1.3,0.6,1,1,0,1.1,1.8,0.8
1988-06-01 00:00:00,1,-2,-2.9,-2.5,-1.7,0.8,-0.8,0.2,0.8,1.9,-1,1.2,2,0.7,0.6,0.5,1.3,0,1.2,1.5,0.8
1988-07-01 00:00:00,0.4,-0.8,-1.5,-5.3,1.2,3.7,-0.3,-0.4,-0.9,0.5,-0.6,0.4,1.3,-0.1,0.7,0.1,1.5,0.3,1,0.7,0.7
1988-08-01 00:00:00,2.3,2.7,-2.5,-4.8,5,-0.4,1.1,1.6,0.3,2.3,0.2,1.3,-1,0.9,1.1,0.1,1.6,0.6,1.2,0,0.7
1988-09-01 00:00:00,2.9,-3.1,11,11.1,-0.6,0.5,2.7,2,-1.8,4.5,1.5,0.1,-0.9,0.9,1.2,0.4,1.6,0.9,1.4,-0.2,1
1988-10-01 00:00:00,0.8,5,1.3,0.9,3.2,1.6,2,1.2,1.5,0,2.5,2.5,1,1.5,1.4,1,1.2,0.9,1.5,0.4,1.1
1988-11-01 00:00:00,2.9,10.8,2.2,19.3,8.4,0.1,6.7,1.2,2.3,-2.9,1.4,1.6,-1.8,0.7,1.4,1.3,0.9,0.7,1.3,1,1.2
1988-12-01 00:00:00,20.9,41.6,43.9,80.4,39.8,15.4,37.3,1.5,2.7,0.5,-0.6,2.2,2.2,1.5,1.1,1.8,0.5,0.2,1.5,1.7,1.1
1989-01-01 00:00:00,-19.4,-36.5,-37.5,-59.8,-33.9,-5.3,-32.7,0.1,3.7,7.4,-1.4,1.9,7.9,2.4,0.8,1.6,0.3,-0.3,0.8,2,0.9
1989-02-01 00:00:00,-3.2,-6.2,-13.5,-12.6,-4.6,-9.8,-6.8,0,-3,-4.6,-2.3,-3,-1.1,-1.9,0.7,1.2,0.1,-0.4,0.7,1.7,0.7
1989-03-01 00:00:00,13.6,8.4,14.7,30.2,8.7,8,13,1,1.3,-0.1,3.5,1.8,0.5,1.3,0.5,0.7,0,-0.1,0.5,1.5,0.6
1989-04-01 00:00:00,-6.9,-1.6,6.6,-3,-5.2,-2.7,-3.5,1.9,2,0.6,-1,1.1,0.3,1.1,0.7,0.5,-0.1,0.5,0.5,1.2,0.6
1989-05-01 00:00:00,1.6,10.5,7.5,9.6,9.6,2.3,6,-1.1,0.3,-2.1,-0.8,1.5,1,-0.3,0.8,0.3,-0.2,0.9,0.8,1.1,0.7
1989-06-01 00:00:00,1.5,-4.3,-2.7,2.8,-5.9,1.6,-0.9,1.9,0.1,3.4,4.4,-0.1,3.2,1.9,0.9,0.3,-0.1,1,0.8,1.1,0.7
1989-07-01 00:00:00,-0.3,-1.4,-4.1,-9.1,1.3,2.7,-1.4,1.3,-0.2,-0.8,-0.2,0.5,1.4,0.5,0.9,0.5,0.1,0.9,0.9,1.2,0.8
1989-08-01 00:00:00,4.3,2.3,-5,1.2,5.5,0.6,2.4,0.6,-0.9,-1.8,1.2,0.6,-1,0,0.9,0.5,0.3,0.7,0.8,1.3,0.8
1989-09-01 00:00:00,0.3,1.1,5.5,4.7,2.1,2.9,2,1.5,3,2.1,-0.7,2.9,2.3,1.9,0.8,0.5,0.3,0.5,0.7,1.4,0.7
1989-10-01 00:00:00,-1.8,3.7,2.3,-0.8,0.2,3.5,0.6,-1,-0.4,-1,-0.4,-0.5,2.4,-0.3,0.7,0.2,0.2,0.3,0.9,1.5,0.7
1989-11-01 00:00:00,4.8,11,9,22.9,6.7,1.7,8.3,0.6,2.4,2.2,2.8,-0.7,-1.2,0.9,0.7,0,0.1,0.1,0.9,1.7,0.6
1989-12-01 00:00:00,19.8,26.9,36,69.9,36.7,16.7,31.3,3.8,-3.6,-1,-1.3,2.4,5.4,1.4,0.6,-0.6,0,0,1,1.8,0.4
1990-01-01 00:00:00,-18.3,-34.2,-37.3,-56.8,-31.8,-9,-30.7,-2.4,-1.3,0.7,-0.2,0.9,1.7,-0.7,0.6,-0.6,0.1,0,0.5,1.3,0.4
1990-02-01 00:00:00,-4,-7.1,-14.5,-13.6,-3.6,-10.9,-7.4,1.6,0,-2.4,-0.8,1.1,-1.5,0.2,0.6,-0.5,0,0,0.5,0.9,0.3
1990-03-01 00:00:00,11.6,9.6,17,24,6.4,9.9,11.9,0.5,0.2,1.5,1.3,-0.4,2.2,0.7,0.7,0,0.2,0.2,0.5,0.5,0.4
1990-04-01 00:00:00,-6.3,-5.6,5.1,2.4,-6.8,-4.3,-4,0.4,1.4,1.3,-0.1,-0.5,-0.8,0.3,0.6,0.2,0.5,0.4,0.3,0.2,0.4
1990-05-01 00:00:00,4.2,11.8,12.2,9.6,10.2,0.5,7.3,0.7,0.3,0.2,-1.1,1.8,-1.1,0.3,0.5,0.3,0.6,0.5,0.2,0,0.4
1990-06-01 00:00:00,-0.9,-4.2,-6.8,2.1,-7.4,-1.2,-2.7,1.4,0,0.7,5.1,-1.8,1.6,1.1,0.4,0.1,0.6,0.4,-0.1,-0.2,0.3
1990-07-01 00:00:00,-2.5,-2.1,-2.5,-14.7,2.2,2,-2.7,-0.3,-1.4,-0.1,-4.1,1.4,0.2,-0.6,0.4,-0.2,0.4,0.2,0.1,-0.2,0.1
1990-08-01 00:00:00,7.2,4.4,-1.3,6.9,7.1,1.6,5.1,0.3,0.2,1,3.4,0.6,-0.4,0.7,0.4,-0.6,0.2,-0.1,-0.3,-0.3,0
1990-09-01 00:00:00,-6.5,-6.3,-0.5,-2.4,-4.7,-1.9,-4.7,-0.5,-0.4,0,-2.5,-1.1,-1.7,-0.9,0.6,-0.5,0,-0.3,-0.4,-0.2,0
1990-10-01 00:00:00,5.8,9.4,7.4,6.1,6.3,2.5,6.3,1.2,-1.4,-1.7,-1.2,0.6,-0.1,-0.1,0.7,-0.2,0.1,-0.3,-0.8,-0.3,0.1
1990-11-01 00:00:00,4.5,5.1,5.8,18.4,2.3,2.2,5.7,1.8,0.5,1.5,1.6,-1.8,-0.1,0.8,0.9,0.3,0.2,-0.2,-0.5,-0.1,0.3
1990-12-01 00:00:00,13.1,30,36.5,67.8,28.7,11.1,27.2,0.6,0.8,0.2,-0.1,-2.5,0.8,0.1,0.9,0.6,0.4,0.1,-0.3,-0.1,0.4
1991-01-01 00:00:00,-11.6,-30.9,-35.5,-55.6,-31.1,-8.9,-27.4,2.1,0.8,0.1,-1.1,1.1,0.5,1,0.8,0.7,0.4,0.1,0,0.2,0.4
1991-02-01 00:00:00,-8.2,-4.6,-13.2,-12.9,-2.7,-10.5,-8.1,-1.2,3.1,1.4,2.1,2.4,-0.3,0.8,0.3,0.5,0.3,-0.1,0.5,0.1,0.3
1991-03-01 00:00:00,10.8,3.6,9.3,18.9,5.9,5.5,8.8,0.6,-1.7,-0.7,-1.5,-0.2,-1.3,-0.5,0.3,0.2,0.4,-0.1,0.8,0.1,0.3
1991-04-01 00:00:00,-7.4,0.3,13.8,4,-3.8,-2,-1.9,-0.8,0.1,2,1.9,0.1,0.6,0.2,0.2,0,0.4,0,0.9,0.3,0.3
1991-05-01 00:00:00,7.6,6.1,7.1,10.7,8.5,2.9,7.2,1.4,-2,-1.8,-2.5,0.5,1.5,-0.1,0.5,0.1,0.6,0.4,1,0.6,0.5
1991-06-01 00:00:00,-6.8,-7.9,-11.4,-9.8,-6.2,-2.3,-7.2,-0.3,0.3,-1.8,-4.2,2.5,1.1,-0.2,0.7,0.5,0.7,0.7,1.1,1.1,0.8
1991-07-01 00:00:00,5.4,9.9,10.9,6.4,8.9,3.5,7.1,2.6,3.7,9.3,14.4,3.1,0.5,4.6,0.8,0.8,0.8,0.9,0.6,1.7,0.9
1991-08-01 00:00:00,5.7,0.9,-8,-3,1.7,2.9,1.6,0.7,1.4,-3.5,-5.7,-0.1,1.8,-0.3,0.7,0.7,0.6,0.8,0.9,2.1,0.9
1991-09-01 00:00:00,-8.6,-5.4,-2.4,-3.8,-4.7,3.3,-5,-1.3,-1.8,-2.1,0.3,-3.1,2.8,-1.1,0.4,0.6,0.5,0.7,0,2,0.6
1991-10-01 00:00:00,9.3,12.6,16.1,15.8,7.3,6.4,10.5,1.6,2.4,4.7,1.9,1.8,3,2.2,0.2,0,0.5,0.4,0.2,1.4,0.3
1991-11-01 00:00:00,0.5,2.3,-1.6,10,4.3,1.6,2.4,0,-1.4,-3,-2.3,0.2,1,-0.6,0.2,-0.3,0.4,0.2,0.3,0.8,0.2
1991-12-01 00:00:00,10.8,23.6,41.3,69.4,30.5,9.9,25.7,-0.6,-2.9,2.4,2.7,-0.5,-0.9,-0.3,0.3,-0.2,0.5,0.1,0.7,0.3,0.2
1992-01-01 00:00:00,-10.1,-27.5,-33.6,-53.8,-29.1,-10.5,-25.6,0.5,1.9,1.1,0.2,2.4,-1.9,0.7,0.4,0.1,0.6,0.3,0.5,0.5,0.5
1992-02-01 00:00:00,-4.5,-5,-12.1,-10,-3.8,-8.2,-6.3,0.5,1,0.5,0.6,-0.7,-0.7,0.3,0.8,0.7,0.7,0.5,0.6,0.5,0.7
1992-03-01 00:00:00,3.1,4.9,5.6,5.3,3.5,8.6,4.6,2.2,1.7,-1,-2.1,1.2,5.4,1.6,0.7,0.7,0.4,0.3,0.3,0.7,0.6
1992-04-01 00:00:00,2.4,0.6,11.8,18.5,-0.2,-0.4,3.8,0.5,2.2,0.5,2,1.4,0.7,1.1,0.8,0.7,0.1,0.1,-0.1,0.4,0.4
1992-05-01 00:00:00,-0.4,1.8,6.6,5.7,1.1,-0.3,1.6,0.2,-2.6,1.7,1.6,-2,1.2,-0.2,0.7,0.2,-0.2,-0.1,-0.5,-0.1,0.2
1992-06-01 00:00:00,-4.2,-2.4,-6.3,-6,-6.3,-6.6,-4.9,0.4,-0.4,-1.6,-1.2,-1.5,-4.2,-1,0.4,0.3,-0.6,0,-0.3,-0.4,0
1992-07-01 00:00:00,6.6,6.6,1.2,-4.6,6.4,2.6,4.3,0.4,2.4,0.2,-1.5,0.5,-1.7,0.3,0.2,0.2,-0.7,0.1,-0.2,-0.9,-0.1
1992-08-01 00:00:00,-3.1,-6.6,-13.1,-8.2,-2.2,-1.8,-4.9,-0.4,-2.2,-4.2,-1.3,-0.9,-0.4,-1.2,0,0.5,-0.8,0.2,0.3,-0.8,0
1992-09-01 00:00:00,-0.2,5.5,5.5,13.3,5.5,4.4,4,0.8,2.9,-0.1,3.9,2.3,1.9,1.8,0,0.7,-0.6,0.4,0.8,-0.5,0.2
1992-10-01 00:00:00,7.2,9.4,11.9,10.1,4.1,2.4,7.3,0,2.5,2.9,0.3,1.6,-0.6,0.9,0.2,1,-0.2,0.5,0.7,-0.1,0.3
1992-11-01 00:00:00,-5.5,0.2,-1.9,7.3,4.3,-0.4,-0.7,-0.2,-0.8,-0.4,2.2,1.5,-0.3,0.2,0.3,0.9,-0.1,0.5,0.7,-0.1,0.4
1992-12-01 00:00:00,19.3,31.5,44.5,70.4,35.4,12.2,31.6,-0.4,-1.3,-1.4,-6,-0.8,-0.5,-1.4,0.3,0.9,-0.3,0.3,0.4,-0.3,0.3
1993-01-01 00:00:00,-13.4,-28.9,-37.4,-53.8,-35,-12.2,-28.2,1.9,4.3,0.2,6.8,-1.4,-1.4,1.8,0.6,1,-0.5,0.4,0.3,-0.8,0.3
1993-02-01 00:00:00,-6.4,-7.9,-14.4,-15.6,-4.7,-8.7,-8.4,0.8,-1.3,-0.6,-2.6,-0.2,1.3,-0.2,0.6,0.7,-0.5,0.4,0.3,-0.9,0.3
1993-03-01 00:00:00,7.1,13.1,11.6,17.3,11.6,3.8,9.7,0,2.8,-0.7,1.3,2.9,-4,0.5,0.7,0.6,-0.4,0.3,0.5,-0.7,0.3
1993-04-01 00:00:00,1.3,-5.4,5.3,11.5,-3.2,-0.9,0.6,0.7,-0.5,-3.5,-1,0.9,0.9,0,0.5,0.4,0,0.1,0.5,-0.5,0.3
1993-05-01 00:00:00,-2.1,3.9,8.2,7.8,3.2,-1.2,1.8,0.4,0.1,4.7,2.6,0.5,0.3,1,0.3,0.2,0.4,-0.4,0.5,-0.1,0.2
1993-06-01 00:00:00,-2.1,-1.2,-1.6,-2.1,-3.4,-2.9,-2.2,0,-0.9,1.9,2.1,-1,-0.4,0.1,0.2,0,0.4,-0.6,0.5,0.3,0.1
1993-07-01 00:00:00,6,2.9,-1.2,-13,3.5,6.6,2.2,0.6,0.9,-1.5,-10.8,0.6,2.3,-0.7,0,0.3,0.3,-0.5,0.7,0.7,0.2
1993-08-01 00:00:00,-4.9,-3.4,-9,-5.5,-0.4,-1.7,-4.1,-1.2,0.1,-0.6,5,-0.2,-0.4,0,0.1,0.8,0.1,-0.3,0.9,1,0.4
1993-09-01 00:00:00,2.6,5,6,15.9,6.8,4.4,5.5,1,2.1,-0.3,2.2,3.2,1.2,1.6,0.3,0.9,-0.1,0,1.2,1.3,0.6
1993-10-01 00:00:00,3.4,5.3,3.8,5,3.1,2.9,3.8,0.2,1.1,-0.8,1,1.8,1.5,0.7,0.3,1.2,-0.1,0.4,1.4,1.6,0.8
1993-11-01 00:00:00,-1,6.6,6.1,9.4,6.9,3.4,3.8,1.3,1.8,3.2,-0.1,2.3,2.7,1.7,0.4,1.2,0.1,0.6,1.2,1.7,0.9
1993-12-01 00:00:00,19.5,31.3,46,76.3,39,14.2,33,-0.1,-0.3,1.3,-1.8,1.5,1.7,0.2,0.4,1,0.7,0.6,1,1.6,0.8
1994-01-01 00:00:00,-17.4,-31.7,-38.9,-56.4,-36.9,-10.5,-30.5,-0.7,0.4,-2.4,0.1,-2.5,0.3,-0.7,0.4,0.7,0.7,0.7,0.5,1.2,0.6
1994-02-01 00:00:00,-3.9,-3.5,-12.9,-10.9,-2.4,-8.4,-5.6,2,3.3,0.7,3.6,2.1,1.5,2.2,0.4,0.6,0.5,0.6,0.3,0.9,0.4
1994-03-01 00:00:00,11.9,9.5,18.4,23.6,10.6,12.6,13,0.4,-2.2,2.5,1.2,-0.3,1.6,0.2,0.3,0.5,0.2,0.6,0.5,0.5,0.3
1994-04-01 00:00:00,-6.9,-8,3.4,1.3,-7.8,-7.5,-5.6,-0.8,0.7,-0.1,-2.5,-0.3,-1.7,-0.7,0.5,0.5,-0.2,0.3,0.7,0.3,0.4
1994-05-01 00:00:00,0.4,8.2,3.1,9.2,5.8,0.3,3.7,1.1,1.6,-2,3.3,1.3,-0.1,1,0.6,0.5,-0.3,0.2,0.9,0.2,0.5
1994-06-01 00:00:00,0.7,0.9,-4.9,0.5,0,-0.7,-0.1,0.6,0.4,-2.3,0.5,1.7,1.1,0.5,0.7,0.6,0,0.1,0.8,0.4,0.7
1994-07-01 00:00:00,2.9,-1.9,-1.9,-14.2,2.4,8.4,0.2,1.3,-1.2,0.9,-8,0.7,5.4,0.1,0.8,0.5,0.5,0.3,0.8,,0.8
1994-08-01 00:00:00,0.4,5.3,-0.8,2,3.7,0.4,1.8,0.6,4.4,3.8,8.3,0.8,0.2,2.3,0.8,0.2,0.7,0.4,0.6,0.5,0.7
1994-09-01 00:00:00,1.6,-1.9,6.6,11,0.8,2.3,2.3,0.9,-2.3,1.5,2,0.2,0.6,0.4,0.8,0.2,0.9,0.4,0.5,0.3,0.6
1994-10-01 00:00:00,2.3,2.3,3.6,5.4,2.5,2,2.7,0.8,-0.8,0.4,-0.4,1.7,0,0.4,0.7,-0.1,0.7,0.1,0,0.2,0.4
1994-11-01 00:00:00,0,7.1,3.4,7,4.6,0.8,3.1,-0.1,1.3,-0.9,-3.2,-2.1,0.1,-0.6,0.7,0.1,0.6,0,0,0.2,0.3
1994-12-01 00:00:00,20,27.4,41.1,81.7,34.1,11,31.2,1.3,-1.4,-1.8,0.7,0.2,-0.5,0.1,0.8,0.2,0.4,0,0,0.3,0.4
1995-01-01 00:00:00,-17.2,-28.9,-35.6,-58.6,-33.8,-9.4,-29.2,0.7,2.4,2.6,-1.8,0.9,1.6,1,0.7,0.7,0.5,0.1,0.4,0.9,0.6
1995-02-01 00:00:00,-3.7,-6.2,-12.5,-9.3,-5.1,-8.8,-6.3,1.2,1.1,1.7,4,-0.3,0.6,1.2,0.9,1.1,0.6,0.4,0.8,1,0.8
1995-03-01 00:00:00,10,11.7,14.1,18.9,10.3,12,11.7,0.2,0.6,-0.3,0.1,1.1,2.2,0.6,1,1.3,0.7,0.8,0.9,1.1,1
1995-04-01 00:00:00,-2.9,-7.4,7.6,11.7,-4.2,-2.8,-1.6,1.3,1.2,3.6,2,1.3,0.5,1.5,1,1.1,0.5,0.8,1,0.9,1
1995-05-01 00:00:00,1.6,11,1.3,2.3,7.8,1.4,4.1,1.5,0.9,-5,-2.2,1.8,1.5,0.5,1,0.9,0.2,0.6,1.2,0.9,0.9
1995-06-01 00:00:00,-0.6,2,-0.6,-2.2,-3.1,-3.5,-1,0.5,3.2,3.5,1.2,0.7,-0.7,1.2,0.9,0.8,0.1,0.2,1.1,0.8,0.7
1995-07-01 00:00:00,1,-3.8,-4.6,-2.9,2.8,4.7,-0.1,0.7,-1.9,-1.7,-0.2,1.1,1.3,0.1,0.9,0.4,0,-0.1,0.9,0.7,0.6
1995-08-01 00:00:00,4.1,0.3,0.1,-0.8,4.4,1.4,2.3,1,-0.5,1.9,3.4,0.5,0.5,0.9,0.9,0.1,0.3,-0.1,0.7,0.8,0.5
1995-09-01 00:00:00,-1.2,2.1,3.3,-2,1.3,1.5,0.4,0.6,1.7,0.7,-5.6,1.5,1.7,0.4,0.7,-0.1,0.4,0.1,0.4,1.1,0.5
1995-10-01 00:00:00,2.1,2.5,2.4,7.5,-0.8,3.6,2.4,0.9,-1.1,-1.2,3.4,-1.7,1,0.3,0.7,-0.1,0.5,0.3,0.2,1,0.5
1995-11-01 00:00:00,3.4,5.1,5.8,15.9,7,2.4,5.6,0.8,-0.6,0.6,-1.3,-0.1,1.1,0.2,0.4,-0.1,0.5,0.4,0.1,1,0.4
1995-12-01 00:00:00,14.7,29.7,42.1,74,36,10.1,28.8,0.6,2.1,1.6,2.8,2.4,0.4,1.4,0.4,0.1,0.3,0.3,0,0.9,0.3
1996-01-01 00:00:00,-16,-28.6,-34.7,-55.1,-32.3,-7.7,-27.5,-1.4,-1.4,0.4,0.9,0.4,1.3,-0.4,0.3,0.3,0.3,0.3,0.1,0.4,0.2
1996-02-01 00:00:00,-0.5,-6,-12.2,-11.5,-4.9,-7,-5,1.2,0.3,-0.8,-2,-1.4,-0.6,-0.1,0.3,0.2,0,0.1,0.1,0.3,0.2
1996-03-01 00:00:00,3.9,6.5,8.2,10.2,2.6,4.6,5.1,0.1,1.3,0.4,-0.5,-0.5,-0.1,0.2,0.4,0.7,0.1,0.1,0,0,0.3
1996-04-01 00:00:00,-3.5,-5.3,5.7,10.2,-2.6,-0.9,-1.4,0.8,0.1,0,1,0.1,1.8,0.7,0.5,1,0.1,0,0.1,-0.1,0.3
1996-05-01 00:00:00,5.1,9.7,6.5,7.6,6.3,-2,5.5,0.8,0.6,-1.4,-0.1,0.4,-3.4,-0.1,0.6,1.1,0.1,0,-0.1,-0.6,0.3
1996-06-01 00:00:00,-5.3,-2,-6.4,-5.6,-5.1,-3.2,-4.6,0.7,2.3,1.6,0.8,0.9,1.9,1.3,0.6,1,0.2,-0.2,-0.1,-0.4,0.3
1996-07-01 00:00:00,3.1,5.2,2.9,-0.1,3.8,2.6,3.2,0.4,2.5,1.6,-0.3,-1.7,-2,0.2,0.5,0.6,0.1,-0.3,-0.2,-1.1,0.1
1996-08-01 00:00:00,4.2,-1.8,-4.1,-2.1,1.8,0.7,1,-0.1,-1,-1.3,-0.3,0.3,-0.5,-0.4,0.4,0.3,-0.2,-0.4,-0.3,-1.2,-0.1
1996-09-01 00:00:00,-5.6,-4.9,-0.8,-6.2,-3.4,-3.6,-4.6,0.7,-3.1,-0.9,-2.3,-1.5,-1.6,-1,0.3,-0.1,-0.2,-0.3,-0.2,-1.1,-0.1
1996-10-01 00:00:00,8,9.9,9,12,6.6,3.4,8,0,2.4,0.2,-1.1,1.4,-1.5,0.4,0.3,0,-0.2,0.2,0.2,-0.8,0.1
1996-11-01 00:00:00,0,3.4,0.2,15.8,4.1,-1.1,2.6,0.7,-0.2,-1.7,3.7,0.1,-0.4,0.4,0.4,0,-0.1,0.6,0.5,-0.3,0.3
1996-12-01 00:00:00,10.6,27.7,42.2,69.9,35,9,26.1,-0.4,0.9,1.9,0.9,1.5,0,0.5,0.4,0.2,0.1,0.8,0.8,0.4,0.5
1997-01-01 00:00:00,-8.6,-26.6,-32.4,-54.2,-32,-4.1,-24,1.4,-1,1.8,-1,-0.5,3.2,0.7,0.5,0.4,0.3,0.6,0.9,0.9,0.6
1997-02-01 00:00:00,-8.8,-6.5,-17.7,-13.5,-5.6,-10.2,-9.3,0.2,4.9,-1.4,4.4,2.8,0.8,1.8,0.3,0.4,0.4,0.1,1,1.1,0.5
1997-03-01 00:00:00,9.3,2,9.5,17.9,5,8.4,8,0.8,-2.4,0.3,-3.4,0.3,0.5,-0.4,0.3,0.3,0.4,-0.4,0.8,1.1,0.4
1997-04-01 00:00:00,-5.4,0.1,10.6,-1,2.4,-0.6,-1.1,-1.3,-1.7,-0.9,-3.9,0.2,-0.2,-1.3,0.2,0.3,0.3,-0.6,0.9,0.8,0.3
1997-05-01 00:00:00,5.8,6.3,9,17.2,3.6,2.5,6.5,1.2,2,4,4.3,1,1.6,1.9,0.2,0.2,0.2,-0.3,0.7,0.5,0.3
1997-06-01 00:00:00,-7.3,-2.8,-11.3,-16.5,-4.9,-4.8,-7.2,0.7,-0.3,-2.5,-4.3,0.6,0.5,-0.3,0.2,0.1,0.2,0.3,0.6,0.3,0.3
1997-07-01 00:00:00,7,2,5.6,17,7.2,4.6,6.6,0.3,0,1.2,6.4,0.7,-0.6,0.9,,0.1,0.4,0.7,0.7,0.2,0.4
1997-08-01 00:00:00,0.5,-2.1,-6.5,-13.9,0.1,0.8,-2,0.7,-0.2,-0.6,-2.1,0.6,1.2,0.2,0.4,0.2,0.5,0.9,0.5,0.1,0.5
1997-09-01 00:00:00,-2.3,1,5,12.3,1.2,-1.6,0.8,0.7,0.5,1.2,3.9,0.5,-1.2,0.8,0.6,0.5,0.7,0.8,0.3,-0.2,0.5
1997-10-01 00:00:00,8.2,7.9,8.3,4,4.2,4.4,6.7,0.4,0.8,1.1,-2,0,-0.8,0.1,0.6,0.7,0.7,0.5,0.2,-0.3,0.5
1997-11-01 00:00:00,-2.2,1.3,2.6,13.8,2,-1.8,1,1.1,1.3,2.1,-0.3,0.1,0.9,0.9,0.6,1,0.7,0.2,0.2,-0.4,0.4
1997-12-01 00:00:00,14.4,31.8,42.6,69.1,38,10.4,28.8,0.2,0.7,-0.7,-0.6,-0.2,-0.1,0,0.4,1,0.5,0.2,0.1,-0.6,0.3
1998-01-01 00:00:00,-8.4,-28.7,-34.8,-51.2,-32.9,-9.2,-24.6,2.1,-2.6,-0.4,3.8,0.7,-1.8,0.6,,,0.5,0,0.1,-0.4,0.1
1998-02-01 00:00:00,-10.1,-11.2,-15.2,-21.9,-8,-11.5,-11.7,-0.5,-0.7,1.9,-2.3,-0.2,-0.6,-0.5,0.3,0.6,0.6,-0.1,0.1,-0.5,0.1
1998-03-01 00:00:00,6.4,8.4,10.1,14.9,6,8.7,7.9,0,0.5,-1.4,-1,-0.4,0.3,-0.2,0.4,0,0.9,-0.1,0.1,0.3,0.1
1998-04-01 00:00:00,0.9,-3.5,10.7,17.9,1,-3,1.9,0.2,0.4,2.8,3.1,1.2,-2.5,0.6,0.5,-0.2,1.2,0.1,0,,0.2
1998-05-01 00:00:00,1.3,4.7,7.7,0,1.2,3.4,2.5,1.5,-1.2,2.4,-1.9,-0.9,3,0.6,0.5,0,1.6,0.2,0.4,0.8,0.4
1998-06-01 00:00:00,-4.6,-0.5,-6.6,-12.5,-1.6,-4.9,-4.4,1.1,0,0.3,-4.8,1.4,-0.5,0.1,0.7,-0.3,1.5,0.4,0.4,0.9,0.5
1998-07-01 00:00:00,6.6,1.8,6.4,22.7,5.1,6.8,7,-0.4,-0.5,2.7,13.1,-0.6,0.8,1.2,0.7,-0.3,1.2,0.4,0.3,0.9,0.5
1998-08-01 00:00:00,-1.6,-2.9,-7.4,-16.5,-1.5,-1.5,-3.8,1.2,0.7,0,-6,0.4,0.4,0.1,0.7,-0.1,0.7,0.4,0.4,0.9,0.5
1998-09-01 00:00:00,0.2,2.1,5.7,8,4.1,0.4,2.3,0.7,0.3,-0.2,0.5,1.9,0.5,0.7,0.6,0,0.2,0.4,0.3,0.7,0.4
1998-10-01 00:00:00,8.1,5.8,6.8,8.7,3.2,9.5,7.1,0.9,0.1,0.6,-0.5,0.1,4,0.8,0.6,0.1,-0.1,0.5,0.5,0.8,0.4
1998-11-01 00:00:00,-5,-0.4,-0.4,11.4,2,-4.6,-1.2,0,-1.7,-0.6,2.5,-0.4,-2,-0.4,0.6,0.9,0,0.6,0.5,0.6,0.6
1998-12-01 00:00:00,17.2,30.8,45.7,73.7,36.9,9.1,30,-0.6,1.9,-0.3,-2.5,-1.5,-1.5,-0.6,0.7,0.9,0.4,0.6,0.5,0.5,0.7
1999-01-01 00:00:00,-10.1,-23.6,-35.7,-52.3,-31.9,-5.1,-23.9,3.5,3.4,0.9,7.8,4,4.2,3.8,0.8,1.3,0.8,0.5,0.9,1.3,0.8
1999-02-01 00:00:00,-8.9,-10,-15,-21.6,-6.8,-9.6,-10.5,-0.4,0.4,1.1,-5.2,0,0.6,-0.5,0.6,1.4,1.1,0.2,0.8,1.1,0.8
1999-03-01 00:00:00,10.6,8.5,17.3,22.3,11,10.8,11.8,1.1,-1.3,2.6,1.8,0.9,0.4,0.8,0.5,1,1,-0.3,0.8,1.1,0.7
1999-04-01 00:00:00,-3.8,-3,7.7,5.5,-2.8,-0.8,-1.4,-0.7,3.6,2.8,-2.8,1.2,1.5,0.6,0.4,0.8,0.9,-0.4,0.6,1,0.5
1999-05-01 00:00:00,-0.3,5,0.7,6.1,1.3,2.9,1.8,0.6,-0.1,-3.9,1.7,-0.7,2.8,0.3,0.3,0.5,0.7,-0.1,0.6,0.5,0.4
1999-06-01 00:00:00,-2.9,0.8,-2.3,-11.6,-0.8,-5,-3,0.3,-0.4,3.1,-2.2,0.6,-0.9,0.1,0.3,0.6,0.6,0.4,0.4,-0.2,0.4
1999-07-01 00:00:00,7,2.2,-0.2,17.9,5,0.9,5.5,0.4,0.7,-2.5,3.5,0.4,-5.1,-0.2,0.4,1.1,0.4,0.8,0.5,-0.2,0.5
1999-08-01 00:00:00,-2.9,0.7,-2.7,-14.7,0.3,1.2,-2.5,0.8,2.7,4.9,1.8,1,3.2,1.9,0.5,0.9,0.6,1,0.3,0.2,0.7
1999-09-01 00:00:00,1.6,3.5,5.7,11.4,2.7,2.2,3.4,0.3,2.6,-0.6,-0.2,1.5,2.1,0.9,0.5,1.2,0.6,0.8,0.2,0.7,0.6
1999-10-01 00:00:00,4.5,5.6,4.5,4.1,-0.3,4.2,3.9,0.2,0.2,-0.3,0.3,-2.2,-0.2,-0.3,0.5,0.9,0.6,0.4,0.2,0.7,0.4
1999-11-01 00:00:00,-2.3,1.8,4.1,15.7,6.4,0.3,2.2,0.7,-0.9,1.2,-0.3,1.6,2.7,0.7,0.4,0.5,0.3,0,0.1,0.6,0.2
1999-12-01 00:00:00,19.3,26.1,43.9,71.4,36.3,10.4,29.6,0.5,-0.9,-1.1,-0.1,-1,-1.9,-0.4,0.2,0.3,0.2,-0.1,0,0.5,-0.1
2000-01-01 00:00:00,-16.7,-25.1,-38.6,-55.3,-36.4,-10.9,-28.1,-1.7,2.6,-1.6,0,-1.6,0.5,-0.5,,0.4,,-0.1,,0.1,-0.2
2000-02-01 00:00:00,-4.2,-5.8,-15.4,-13.7,-2.3,-7,-6.3,0,0.5,-4,1,0,-0.7,-0.2,0.1,0.2,0.4,0.1,0.2,0.2,-0.1
2000-03-01 00:00:00,7,5.9,14.8,13,6.2,9.8,8.1,-0.1,0.5,3,-2.4,0.4,1.9,0.3,0.1,0.6,0.5,0.3,0.4,-0.1,0.1
2000-04-01 00:00:00,-4.1,-7.8,3.2,13.6,-4.5,-5.4,-2.9,0.3,-1.5,0.8,3.5,0.5,-2,0.1,0.1,0.5,0.5,0.6,0.5,-0.3,0.3
2000-05-01 00:00:00,-0.3,12.2,9.9,2.7,6.3,2.4,4.2,0,5.2,2.8,0.5,0.9,1.2,1.5,0.2,0.5,0.4,1,0.4,0.2,0.4
2000-06-01 00:00:00,0.3,18.2,10.9,10.8,2.1,-0.6,5.6,2,16.3,17.3,19.6,4.8,2.2,8.1,0.2,0.5,0.2,1,0.6,0.4,0.5
2000-07-01 00:00:00,1.1,-20.1,-26.8,-26.3,-5.4,3.4,-9.2,-0.3,-18.7,-25.6,-32.5,-7,0.2,-10.6,,,,,,,
2000-08-01 00:00:00,3.4,7.3,5.5,17.4,6.6,0.8,5.5,1.3,6,8.4,31.1,3,0.7,5.3,0.1,0.7,0.3,0.4,0.4,0.7,0.4
2000-09-01 00:00:00,-1.1,0.1,15.6,4.5,1.2,7.8,2.3,0,0,10.1,-2.3,2.4,8.3,1.9,0.1,0.6,0.5,0,0.2,0.8,0.4
2000-10-01 00:00:00,1.6,4.1,-2.9,1.5,3,2,1.9,-0.2,-0.6,-6.4,-1.5,0.9,-1.4,-0.9,0.3,0.6,0.8,-0.1,0.7,1.4,0.5
2000-11-01 00:00:00,1.5,5.5,6.8,15.1,5.9,-3,4,0.3,2.1,1.5,-3.3,-0.1,-2,0,0.5,0.6,1,0,0.8,1.4,0.7
2000-12-01 00:00:00,16.7,25.4,46.7,76.7,32.9,8.6,28.4,2,0.3,3.5,5.5,-0.8,-1.6,1.3,0.8,0.8,1.1,0.3,1,1.5,0.9
2001-01-01 00:00:00,-13.6,-24.5,-36.9,-55.4,-31.1,-4.4,-25.4,-0.3,0.5,-1.3,-0.6,3.1,6,1,0.9,0.8,1,0.6,1,1.7,1
2001-02-01 00:00:00,-5.9,-9.9,-15.4,-16.2,-4.8,-9,-8.5,2.1,1.3,0.6,1,2.8,0.8,1.7,1.1,0.9,0.9,0.8,1.1,1,1
2001-03-01 00:00:00,11.3,9.3,18.1,24.9,8.4,13.7,12.4,0.2,0.4,2.1,1.6,-0.8,2.5,0.7,0.9,1.1,0.8,0.7,0.9,0.6,0.9
2001-04-01 00:00:00,-4.3,-3.9,4.7,2.1,-4,-5.3,-3,1.5,1.9,3.6,-2.6,0.1,-2.7,0.6,0.7,1.1,0.7,0.2,0.7,0.5,0.7
2001-05-01 00:00:00,2.4,6.8,6.7,8.1,6.2,0.3,4.3,0.1,0.6,-1.5,2.2,0.6,-0.5,0.3,0.6,1.2,0.5,-0.4,0.5,0.2,0.5
2001-06-01 00:00:00,-3.1,4.1,-6.3,-8.8,-3.1,-3.4,-2.7,0.4,2.8,-0.8,-1,0.9,0.5,0.7,0.6,1.2,0.4,-0.6,0.2,-0.2,0.4
2001-07-01 00:00:00,1.7,0.6,-1.3,7.4,3.6,5.7,2.5,0.3,0.8,1.1,0.5,0.4,1.2,0.6,0.6,1,0.4,-0.4,0.2,-0.1,0.4
2001-08-01 00:00:00,4.7,1.6,-3,-12.5,3.4,1.8,1.4,1,0.5,-1.2,-3.7,-0.2,0.4,0.1,0.7,1,0.4,0,0.3,-0.2,0.4
2001-09-01 00:00:00,-2.9,-2.9,4,5.2,-4.1,-4.5,-2.1,1,-0.8,0.6,0.7,-0.3,-1,0.2,0.8,1,0.8,0.6,0.3,-0.3,0.6
2001-10-01 00:00:00,5.6,9.9,9.6,11.8,6.5,3.6,7.1,0.8,2.5,2.9,4.3,0.9,-1.8,1.3,0.8,1.2,1.2,1,0.5,-0.3,0.7
2001-11-01 00:00:00,1.6,4.7,4.5,18.8,6.2,-0.4,4.4,0.6,0.8,0.1,1.1,0.8,0.1,0.6,0.9,1.1,1.5,1,0.6,-0.3,0.8
2001-12-01 00:00:00,12.2,23.7,43.3,68.8,33.2,8.7,25.3,0.7,1.7,2.6,1.5,0.9,0.7,1.1,0.7,1.2,1.6,1,0.9,-0.1,0.8
2002-01-01 00:00:00,-9,-21.7,-33.6,-54.7,-31.7,-8,-23.3,1.4,2.8,1.9,-1.8,1.5,0.4,1.3,0.5,1.4,1.3,0.7,1.1,0.1,0.8
2002-02-01 00:00:00,-9.6,-12.9,-16.5,-18.1,-7.2,-10.3,-11.2,-0.3,-1.6,0.4,0.5,0.2,-0.2,-0.3,0.5,1.4,0.7,0.5,1.1,0.5,0.7
2002-03-01 00:00:00,11.8,8.1,13.5,24.1,9.3,11.2,11.7,0.5,1.2,-0.2,0.5,1.4,0.8,0.7,0.4,1.3,0.1,0.2,0.8,0.5,0.6
2002-04-01 00:00:00,-6.9,1.7,4.1,3,-0.9,-1.3,-2.1,-0.1,3.3,-0.8,0.4,1.1,0.9,0.8,0.5,1.1,-0.3,0.2,1,0.7,0.6
2002-05-01 00:00:00,5.9,6.1,7.7,10.8,6.8,1.5,6.1,1.7,1.7,1.5,4.3,1.4,-0.7,1.6,0.5,0.8,-0.3,0,0.6,0.8,0.5
2002-06-01 00:00:00,-6.2,-0.1,-9.6,-4,-7.2,-3.8,-5,-0.1,-0.1,-3.8,-6,-1.3,2.5,-0.8,0.7,0.5,-0.1,0,0.5,0.8,0.5
2002-07-01 00:00:00,5.4,-0.4,0.4,-5.9,6.1,7.2,3.1,1.1,-1.8,1.7,2.9,0.1,0.9,0.6,0.6,0.3,0.5,0.3,0.3,0.6,0.5
2002-08-01 00:00:00,3.5,1.5,1.7,-0.9,4.1,1.6,2.5,0.4,1,3.6,-0.8,2.5,0.7,1,0.7,0.1,1.1,0.7,0,0.6,0.5
2002-09-01 00:00:00,-4.5,-1.6,2.7,-0.5,-3.4,-3.6,-2.8,0.8,0,0.1,1.6,-0.8,-0.6,0.3,0.6,-0.1,1.3,1.2,0.1,0.3,0.5
2002-10-01 00:00:00,7.6,7.1,8.4,14.3,3.2,4.1,7.1,0.2,-0.1,0.1,0.8,-2.3,-1.5,-0.4,0.6,0,1.1,1.4,0,0.3,0.5
2002-11-01 00:00:00,0.3,4.5,6.9,23.4,5.4,1,4.5,1.2,1.2,3.6,6.9,1.2,2.8,2.1,0.5,0,0.7,1.3,0,0.6,0.4
2002-12-01 00:00:00,10.6,22.3,38.4,56.4,35.3,10.3,23.5,-0.4,-0.2,-0.6,-2.9,0.7,1.6,-0.2,0.5,0,0.4,1,0.1,0.7,0.4
2003-01-01 00:00:00,-7.8,-24.9,-35.9,-53,-32.3,-6.5,-23.4,1,-1.4,-2.1,-0.7,1.2,1,0.1,0.3,0.1,0.3,0.5,0.6,0.8,0.4
2003-02-01 00:00:00,-10,-11.7,-16.6,-18.1,-7.9,-12.3,-11.5,0.2,0.5,0.6,-0.1,-0.3,-1.4,0,0.4,0.3,0.3,0.3,0.5,0.9,0.4
2003-03-01 00:00:00,8.6,8.9,16,21.3,6.5,10.7,10.1,0.5,1.1,1.3,2,-0.9,1.2,0.7,0.3,0.7,0.4,0.1,0.7,0.9,0.5
2003-04-01 00:00:00,-2.1,-2.5,6.7,11.9,0.7,0.9,0.4,-0.4,1.2,3.6,1.2,2.6,2.1,1.1,0.2,1.1,0.4,0.1,0.8,1.1,0.6
2003-05-01 00:00:00,2.8,7.2,3.8,1.2,5.8,4.3,4.1,0.9,1.4,-3.1,-1.3,1.3,2.6,0.7,0.2,1.4,0.4,0.2,1.1,1.3,0.7
2003-06-01 00:00:00,-7.9,2.2,-4.9,0.1,-4.5,-6.2,-4.4,-1,1.4,1.2,0.3,0,-1.2,-0.1,0.2,1.5,0.5,0.4,1.3,1.5,0.8
2003-07-01 00:00:00,8.2,3.1,0,-4.5,8.1,9.3,5.4,1.5,1.9,0.5,-0.3,2.4,3.2,1.6,0.4,1.3,0.5,0.5,1.5,1.9,0.9
2003-08-01 00:00:00,-0.2,-0.4,-2.9,-6.8,1.1,2.3,-0.5,0,0.2,0.5,1.3,1.1,2.4,0.6,0.5,1,0.8,0.7,1.5,1.9,1
2003-09-01 00:00:00,-1.8,2.3,6.3,8.8,0.9,-1.6,0.9,1,1.9,1.1,1.3,1.5,1.1,1.3,0.6,0.8,1.1,0.8,1.2,1.9,1
2003-10-01 00:00:00,7.5,6.5,8.9,9.8,8.4,9.9,8.1,0.3,-0.1,1.9,1.9,2.6,2.3,1.1,0.8,0.5,1.1,0.7,,1.9,1
2003-11-01 00:00:00,-1.5,1.5,3.9,16.1,3.8,-2.1,1.8,1.5,0,1.6,0.4,1.8,1.9,1.2,0.8,0.5,0.9,0.4,0.4,1.8,0.8
2003-12-01 00:00:00,14,23.8,40.6,58.6,35.1,11.4,25.4,0.3,-0.1,0,-2.6,-1.3,1.2,-0.2,0.8,0.5,0.4,0.1,-0.1,1.4,0.6
2004-01-01 00:00:00,-8,-22.5,-34.4,-51.2,-35,-7.5,-23,1.6,1.8,-0.2,1.3,-1.5,1.4,1,0.7,0.4,0.1,0.1,-0.3,1,0.5
2004-02-01 00:00:00,-7.9,-10.1,-15.1,-16.3,-4.8,-6.8,-9,0,-0.2,0.2,1.1,-0.7,0.6,0.1,0.7,0.4,0.1,0.3,-0.3,0.6,0.4
2004-03-01 00:00:00,5.5,7.9,9.5,14.3,9,6.1,7.5,0.3,2.3,-1.9,-0.8,3,0,0.7,0.6,0.3,0.3,0.6,0,0.2,0.3
2004-04-01 00:00:00,0.5,-6.4,5.3,12.9,-4.9,0.1,-0.3,0.6,-2.5,2.2,2.1,-2.1,-0.1,-0.2,0.5,0.2,0.7,0.9,0.4,-0.3,0.4
2004-05-01 00:00:00,-1.5,4.1,6.3,0.3,3.1,-1.5,0.9,0.7,0.3,1.4,1.2,1,-0.6,0.6,0.5,0.1,0.9,1.1,0.6,-0.2,0.4
2004-06-01 00:00:00,-2.5,4.4,-0.3,8.1,0,-4.8,0,1.3,1,2.2,0.9,1.5,-0.7,1,0.3,0.3,1,1,0.7,-0.2,0.5
2004-07-01 00:00:00,5.9,1.8,-2.2,-5.6,4.7,6.8,3.2,-1,1,-0.5,0.9,0.6,-0.2,-0.1,0.2,0.6,0.6,0.7,0.5,-0.3,0.4
2004-08-01 00:00:00,-2.7,-1.6,-3.9,-10.7,-0.4,-1.5,-2.8,0.2,-0.3,-0.3,-0.4,-0.5,0.5,-0.1,0.2,0.8,0.3,0.2,0.7,-0.2,0.3
2004-09-01 00:00:00,1,1.8,7.4,13,2.7,3.9,3.2,0.6,1.7,1.4,1.4,2.6,4.7,1.7,0.2,0.9,0,-0.2,0.3,-0.5,0.2
2004-10-01 00:00:00,3.5,8.1,4.1,3.1,2.3,-0.4,3.7,-0.7,1.6,-1.5,-1.1,-0.8,-5.6,-1,0,0.8,0,-0.2,0,-0.3,0.1
2004-11-01 00:00:00,-1.1,3.5,1.9,13.1,3.5,-3.9,1.6,0.7,0.2,-0.6,-1,-1.4,-1,-0.2,0.1,0.6,0.1,0.1,-0.1,-0.6,0
2004-12-01 00:00:00,17.4,21.7,41.9,62.7,36.4,11,26.7,1,-1.2,1.1,-2.6,0,-0.3,0,0,0.5,0.3,0.2,-0.2,-0.6,0
2005-01-01 00:00:00,-15.4,-23.6,-33.5,-50.2,-35.4,-11.9,-25.8,-2.5,1.9,2.6,5.6,0.1,-0.8,0.1,0.2,0.3,0.5,0.2,-0.5,-0.5,0
2005-02-01 00:00:00,-6.5,-11.5,-17.1,-16.8,-4.6,-7.6,-9.1,1.8,0.2,-1.3,0.7,0.6,1.6,0.9,0.2,0.2,0.5,0.1,-0.2,-0.1,0.1
2005-03-01 00:00:00,11.2,6.1,14.7,25.4,7,7.2,10.5,0,-0.1,1,0.5,-1.4,-1.8,-0.3,0.4,0.3,0.4,0.1,-0.2,0.1,0.2
2005-04-01 00:00:00,-3.8,0.2,0.9,-11.3,-2.7,1.6,-2.6,1.3,-0.1,-4,-11.9,0.2,0.7,-0.8,0.6,0.3,0.3,0,-0.3,0.3,0.3
2005-05-01 00:00:00,-0.9,3.3,7.2,9.6,1.8,-1.1,1.7,-0.3,1.2,3.9,9.6,-0.7,0.5,1.2,0.8,0.3,0.2,0,-0.4,0.2,0.3
2005-06-01 00:00:00,-1.4,3.1,0.1,15,-1.1,-1.1,1.1,0.8,0,1.7,2.5,0.3,1.4,0.9,0.8,0.2,0.2,0,-0.7,0.4,0.4
2005-07-01 00:00:00,5.5,-0.2,-5.6,-11.3,0.7,5.7,1.2,1.1,-0.3,-2.5,-1.4,-1.6,0.3,-0.2,0.8,0.1,0.2,-0.1,-0.6,0.6,0.4
2005-08-01 00:00:00,0.7,0.7,-0.1,-6.2,1.7,-3,-0.3,1.3,1,2,0.6,-0.1,-2.1,0.7,0.6,0.1,0.2,-0.3,-0.7,0.7,0.3
2005-09-01 00:00:00,0,-0.5,6.4,5.5,-1.4,1.8,0.9,0.1,-0.8,0.6,-1.5,-1.1,2.7,0,0.5,0.1,0.1,-0.6,-0.3,1.2,0.2
2005-10-01 00:00:00,2.8,4.3,4,2.9,2.3,7.2,3.7,0,-0.5,-0.8,-2.3,-0.2,2.7,-0.1,0.4,0.1,0,-0.7,0,1,0.2
2005-11-01 00:00:00,-0.5,5,2.3,17.2,6.9,-0.7,3.2,0.1,1,-0.3,0.6,0.7,1.3,0.5,0.3,0.2,0,-0.4,0.4,0.9,0.3
2005-12-01 00:00:00,16.7,25.7,39.8,64.6,36.9,9.6,26.8,0.5,1.2,-0.6,-0.6,1.1,-0.6,0.4,0.5,0.4,0.1,0.2,0.7,0.7,0.5
2006-01-01 00:00:00,-13.7,-25.7,-34.2,-52.9,-34,-11.1,-25.5,0.7,-0.7,2,1.1,1.4,0.7,0.7,0.6,0.5,0.3,0.6,0.9,0.9,0.6
2006-02-01 00:00:00,-6.7,-11.3,-15.9,-13.1,-5.1,-8.6,-8.9,1,0.9,-0.2,4,0.5,-0.5,0.9,0.7,0.7,0.4,0.8,1,0.7,0.7
2006-03-01 00:00:00,11.1,9.7,14.6,16.1,9.5,13.4,11.5,1.1,0.7,0,-3,-0.3,2,0.5,0.8,0.7,0.5,0.7,0.9,0.8,0.8
2006-04-01 00:00:00,-3.1,-5.1,3.8,12,-3.7,-0.9,-1.6,0.3,0.5,1.9,3.4,2.6,1.7,1.2,0.7,0.7,0.6,0.4,0.8,1,0.7
2006-05-01 00:00:00,-0.1,7.9,4.5,-6,5.2,2,2.2,0.6,2,-0.6,-3.7,-0.2,1.5,0.4,0.6,0.7,0.7,-0.1,0.5,1,0.6
2006-06-01 00:00:00,-1,4,-0.2,12.7,-0.5,-3.1,0.9,1.1,-0.2,1.2,2.6,1.2,-0.7,0.8,0.6,0.8,0.8,-0.4,0.5,0.7,0.6
2006-07-01 00:00:00,2.1,-0.9,-3.2,-1.2,-0.3,3.9,0.7,-0.1,1.3,0.5,-0.5,-1,0.8,0.2,0.5,0.6,0.8,-0.4,0.3,0.5,0.5
2006-08-01 00:00:00,2.8,1,1.6,-12.2,5.3,1.2,1.2,0.5,-0.6,1.5,0,1.2,0.3,0.4,0.5,0.5,0.7,-0.1,0.3,0.3,0.4
2006-09-01 00:00:00,-1.1,1.5,4.5,-1.6,-2.7,-0.2,-0.3,0.8,1.9,1,-4.5,-0.5,1.1,0.4,0.6,0.4,0.5,0.2,0.2,0.2,0.4
2006-10-01 00:00:00,4.3,4.7,5.8,10.3,4.8,3.7,4.9,1.3,-0.2,0.4,6.1,0.6,-0.3,1,0.6,0.6,0.3,0.6,0.2,0.4,0.5
2006-11-01 00:00:00,0.7,4.4,1.5,20.7,6.6,-0.2,3.8,-0.4,0.8,-1.3,0.6,0.6,0.2,0.1,0.6,0.8,0.3,1,0.3,0.6,0.6
2006-12-01 00:00:00,14.4,23.1,38.4,60.8,33.7,8.9,24.4,0.9,-0.9,0.4,0.8,0.1,0.1,0.3,0.7,1,0.3,1.1,0.2,1,0.7
2007-01-01 00:00:00,-12.3,-22.5,-34.1,-51.5,-34.5,-8.7,-23.9,0.9,2.9,0.6,-0.6,-0.9,2.8,1.1,0.7,1,0.4,1,0.2,1,0.7
2007-02-01 00:00:00,-7,-11.1,-14,-17.4,-5.6,-7.5,-9,1,2,1.6,1,0.7,1,1.2,0.7,0.8,0.5,0.7,-0.1,1.2,0.7
2007-03-01 00:00:00,11.2,10.8,17.5,27.2,11.5,13,13,0.5,0.9,1.6,4.8,1.4,1.7,1.3,0.8,0.5,0.7,0.3,-0.1,1.1,0.6
2007-04-01 00:00:00,-3.8,-8.3,-0.7,-2.2,-7.5,-2.6,-4.6,0.9,-1.9,-0.6,-5.4,-1.1,0.1,-0.7,0.8,0.4,0.8,0.1,0.3,1,0.6
2007-05-01 00:00:00,1.4,7.6,5.2,4.8,5.7,0.5,3.5,0.4,0.5,-2.7,1.8,-1,-0.3,0,0.8,0.3,0.8,0.2,0.4,0.6,0.6
2007-06-01 00:00:00,-2.6,4.9,2.2,9.3,-2.1,-0.5,0.5,1,0.6,6.1,1.4,1.5,1.9,1.6,0.9,0.3,0.8,0.2,0.8,0.4,0.6
2007-07-01 00:00:00,3.6,-1.9,-2.3,-2,4.8,2.1,1.5,1.2,0.4,0.5,-0.6,2.5,-0.4,0.8,0.8,0.5,0.9,0.4,0.9,0.2,0.7
2007-08-01 00:00:00,3.7,3,-1.5,-10,4.5,3.6,2.1,0.3,1.3,-0.8,1.2,0.7,0.6,0.6,0.8,0.7,0.8,0.6,1.3,0.2,0.8
2007-09-01 00:00:00,-2.2,0.3,3.7,2.9,-2.8,-3.5,-1.1,1.4,1.9,0,0.6,0.8,0.1,1.1,0.5,0.8,0.7,0.8,1,0.1,0.7
2007-10-01 00:00:00,4.3,4.3,7,6.5,9.2,3.6,5.3,0,-1.4,1.8,0.7,3.4,-1.6,0.2,0.5,0.6,0.4,0.7,,0,0.6
2007-11-01 00:00:00,1.5,5.1,3.6,17.2,6.2,1.2,4.2,0,1,0.6,0.5,0.4,1.9,0.6,0.3,0.3,0.1,0.6,0.9,0,0.4
2007-12-01 00:00:00,12.5,24.1,36.2,62.7,33.1,7.7,23.4,0.5,0.6,-0.9,0.7,0.8,-0.1,0.4,0.1,0,0.1,0.5,0.6,-0.1,0.2
2008-01-01 00:00:00,-11.6,-24.5,-33.7,-49.1,-32,-12.1,-23.6,-0.1,-0.5,-0.5,0.9,0.9,-1.7,-0.2,0.1,-0.1,0,0.3,0.4,-0.3,0.1
2008-02-01 00:00:00,-5.8,-11.1,-12.5,-18.4,-3.4,-3.6,-7.7,-0.5,-1,1,-0.1,0.2,1.1,-0.1,0.2,-0.1,-0.2,0.2,0.4,-0.3,0
2008-03-01 00:00:00,7.8,2.2,5.9,18.5,2.5,3.5,6.1,1.6,0.7,-1.5,-1.4,0.1,-1.3,0.4,0.2,-0.2,-0.3,0.1,0.4,-0.2,0
2008-04-01 00:00:00,-5.9,0.8,9.8,3.3,-1,-0.5,-1.5,-0.5,-0.4,2.5,2.4,0.1,0,0.1,0.5,-0.2,-0.3,-0.1,0.3,-0.2,0.1
2008-05-01 00:00:00,4.1,3.4,3.7,1.8,5.9,1.3,3.7,0.8,-0.1,-2,-2.2,1.3,0.2,0.1,0.6,-0.2,-0.2,-0.2,0,-0.2,0.1
2008-06-01 00:00:00,-5.6,2.8,-9,-1.4,-6,-4,-3.9,0.3,0,-3,-5.8,-0.9,0.3,-0.7,0.6,-0.3,-0.2,-0.3,-0.1,-0.1,0.1
2008-07-01 00:00:00,7.1,-0.9,4.1,12.9,6,4,5.2,1.9,-0.2,3.8,8,0.1,-0.5,1.6,0.6,-0.5,0,-0.4,0.2,-0.1,0.1
2008-08-01 00:00:00,1.6,-0.1,-2.8,-19.8,0.7,1.4,-1,0.4,-1,0,-4.8,0.5,-0.3,-0.4,0.6,-0.6,0.1,-0.3,0.1,0,0.2
2008-09-01 00:00:00,-3.5,-2.4,3.4,9.1,-2.1,-3.6,-1.7,-0.7,-1.5,-0.6,4.4,-1,-0.5,-0.4,0.5,-0.6,0.3,-0.3,0.4,0.2,0.2
2008-10-01 00:00:00,7.7,6.1,5.4,5,7.4,8.4,7,1.6,0.7,-0.6,-2.1,1.8,1.8,1,,-0.5,0.4,-0.3,0.1,0.5,0.4
2008-11-01 00:00:00,-0.2,1.8,3,15.4,2.7,-2.6,1.7,1,-1.3,1.5,-0.7,0.1,0.4,0.3,0.8,-0.1,0.5,-0.3,0.8,0.8,0.5
2008-12-01 00:00:00,15.1,36.5,44.8,72.2,39.3,10.5,29.3,2.3,8.5,4.4,8.4,3,1.7,4.1,0.8,0.2,0.5,-0.2,0.9,1.1,0.6
2009-01-01 00:00:00,-9.1,-27.5,-33.2,-49.7,-33.8,-6.5,-23,1,-3.5,-0.4,-2,-1.7,3.2,-0.3,0.8,0.4,0.5,0,0.6,1.3,0.7
2009-02-01 00:00:00,-10.4,-16.6,-18.4,-27.2,-7,-10.7,-13.1,-0.3,-2.6,-1.5,-7.1,0.6,-0.9,-1.3,0.8,0.6,0.5,0,0.7,1.2,0.7
2009-03-01 00:00:00,9.5,11.2,20.6,31.3,10.1,11.3,12.3,1.6,2,6.2,10.5,1.6,0.9,2.6,0.5,0.6,0.5,0.2,0.5,1.1,0.6
2009-04-01 00:00:00,-1.6,-3,4,8.8,-2.6,1,-0.4,-1,1.2,1.2,-0.8,-0.1,2.4,0.1,0.4,0.6,0.5,0.4,0.4,1,0.5
2009-05-01 00:00:00,0.7,5.5,8.2,0.7,4.2,3.2,2.9,1.3,-0.1,0.5,1.1,1,2,1,0.2,0.4,0.5,0.4,0.2,1,0.4
2009-06-01 00:00:00,-4.7,7.1,-8.3,-1.2,-2.8,-5.8,-2.5,0.2,2.4,-3.5,-6.3,-0.3,-1.5,-0.5,0.2,0.2,0.6,0.6,0,0.9,0.3
2009-07-01 00:00:00,4.4,-4.6,-3.4,4.7,5.1,6.7,2.4,-1.4,-3.2,-1.9,0.9,-0.1,0.4,-1.2,0.3,0.1,0.7,0.7,-0.1,0.8,0.4
2009-08-01 00:00:00,1.1,0.4,-1.1,-14.6,-3.2,1.3,-1.1,0.8,-0.1,0.9,1.1,-2.1,1.6,0.3,0.3,0.1,0.6,0.7,-0.3,1.1,0.5
2009-09-01 00:00:00,-2.2,-1.8,2.6,4.4,1,-0.6,-0.7,0.5,-1.4,-1,-2,0.8,1.1,-0.1,0.4,0.2,0.5,0.7,0.1,1.3,0.5
2009-10-01 00:00:00,6.2,6.9,6.1,9.6,5.9,7,6.6,-0.5,1.1,-0.2,3.6,0.6,1.6,0.5,0.3,0.2,0.3,0.7,0.4,1.4,0.5
2009-11-01 00:00:00,1.2,4,3.7,13.2,2.7,-1.2,2.7,2.2,2,4.1,0.3,0.9,1.7,1.9,0.2,0.2,0,0.4,0.4,1.3,0.4
2009-12-01 00:00:00,12.7,24.3,47.3,61,34,12.7,24.6,-0.6,-1.5,-4.2,-3.2,0.8,2.2,-0.7,0.1,0.2,-0.2,0.1,0.4,0.9,0.2
2010-01-01 00:00:00,-12.5,-24.3,-38,-47.4,-31.9,-13,-23.8,-0.3,1,2.2,4.5,0.1,-2,0.3,0,0.2,-0.2,-0.2,0.4,0.4,0.1
2010-02-01 00:00:00,-10.5,-14.3,-17.6,-24.3,-6.7,-7.8,-11.9,-1.2,-0.3,-2.2,-3.3,-0.3,1.7,-0.8,0.1,0.2,-0.2,-0.4,0.3,0.6,0.1
2010-03-01 00:00:00,10.7,8.9,14,24.1,11.7,12.2,11.8,0.8,-1.5,0.5,0.9,0.4,0.3,0.2,0.2,0.2,0,-0.5,0.1,0.5,0.2
2010-04-01 00:00:00,-2.3,-3.3,3.8,0.7,-5.9,-2.8,-2.4,1.7,3,0.9,-2.4,0,0.3,1.1,0.3,0.1,0.4,-0.4,0.3,0.7,0.3
2010-05-01 00:00:00,0.7,4.6,9.7,2.7,3.3,1.4,2.6,0.2,-1,1.4,0.4,0.3,0.9,0.2,0.4,0.1,0.7,-0.2,0.4,1.3,0.4
2010-06-01 00:00:00,-4.6,6.9,-5.7,8.7,-1.1,-2.6,-1,0,1.3,-0.7,1.3,0.5,0.3,0.4,0.3,-0.1,0.7,0,0.7,1.2,0.4
2010-07-01 00:00:00,6.9,-3.1,1.3,1.9,6.2,11,4.6,0.2,-2.2,1.9,-0.1,0.7,4.6,0.5,0.1,-0.1,0.4,0.1,0.6,1.3,0.3
2010-08-01 00:00:00,-1.5,0.5,-4.3,-16.3,1.4,0.7,-1.8,-0.4,0,-0.4,0.2,2.6,0.8,0.3,0,0,0.1,0.1,0.6,0.5,0.1
2010-09-01 00:00:00,-0.9,-0.6,6.6,7.4,0.2,-2,0.3,-0.1,0.1,1.3,-0.2,-0.3,-0.6,-0.1,0,0.1,-0.4,-0.1,0.5,-0.2,0
2010-10-01 00:00:00,4.9,6.2,-1,3,1.6,-0.5,3.3,0.4,1.2,-4.5,-1.7,-1.1,-4.7,-0.9,0.2,0.1,-0.7,-0.2,0.3,-0.9,0
2010-11-01 00:00:00,0.6,3.8,3.9,16.4,5.1,-1.7,2.9,0.4,0.4,1.3,2,0.4,0.7,0.7,0.5,0.1,-0.7,-0.3,0,-0.8,0
2010-12-01 00:00:00,14.5,26.3,53.8,61.4,31.7,12.5,25.7,0.1,1.3,0.7,-2.5,0.3,1.3,0.4,0.5,-0.1,-0.5,-0.1,0.1,-0.6,0.1
2011-01-01 00:00:00,-11.5,-28.5,-41.1,-48.7,-31.8,-14,-24.6,1.9,-4.1,-3,1.9,1.3,-1.2,-0.1,0.6,0,0,0,0.5,-0.4,0.2
2011-02-01 00:00:00,-9,-11.4,-13.8,-20.9,-4.8,-8,-9.9,0.3,2.2,3,1.1,0.5,0.9,1,0.4,-0.1,0.3,0,0.7,-0.1,0.3
2011-03-01 00:00:00,8.3,9.8,14.4,18.3,10.6,10.8,10.3,-0.5,-0.2,-0.4,-3.6,0.4,-0.9,-0.6,0.3,0,0.3,-0.2,0.8,0.1,0.3
2011-04-01 00:00:00,-0.9,-3.3,4.9,11.4,-3.1,-1.9,-0.5,0.5,1.4,1.5,4.3,1.4,0.1,1.1,0.3,0,-0.1,-0.3,0.8,0.1,0.2
2011-05-01 00:00:00,-1.9,4.3,4.9,-4.3,1.9,0.2,0.3,0.2,-0.6,-1.6,-2.7,-0.4,0.1,-0.4,0.3,0.2,-0.6,-0.5,1.2,0.2,0.2
2011-06-01 00:00:00,-2.2,4.1,-4.9,4.5,-0.2,-3.2,-0.8,0.3,-0.8,-1.6,-3.9,1,-0.1,-0.3,0.4,0.3,-1,-0.6,0.8,0.5,0.3
2011-07-01 00:00:00,5.5,-1.9,-5.8,4.1,5.7,7.2,3.5,1.1,-0.9,-2.3,3.6,2.6,1.1,0.9,0.4,0.4,-1,-0.6,0.5,0.6,0.3
2011-08-01 00:00:00,0.5,3.3,-2.4,-15.6,1.5,1.4,-0.2,0.4,2.6,-0.3,-1.4,-0.4,1.1,0.6,0.4,0.6,-0.7,-0.5,0.7,0.6,0.3
2011-09-01 00:00:00,-1,1,5.6,4,0.1,0.2,0.4,-0.3,0.6,0.1,-0.9,-0.3,0.6,0,0.3,0.6,0,-0.3,0.1,0.5,0.3
2011-10-01 00:00:00,4,4.3,4.4,4.4,0.8,2.6,3.5,0.2,0.7,1.7,-0.6,0.2,0.6,0.4,0.2,0.3,0.6,-0.1,0.1,0.4,0.2
2011-11-01 00:00:00,-0.4,4,2.9,18.2,9.8,-1.1,3.2,0.7,0,0.1,1,-0.8,-0.3,0.2,0.1,-0.1,0.9,0.2,0,0.3,0.2
2011-12-01 00:00:00,15.9,24.2,59.9,64.5,28.6,9.4,25.4,-0.4,-0.2,2.3,0.3,1.9,-1,0.2,0.1,-0.5,0.9,0.2,0.2,0.2,0.1
2012-01-01 00:00:00,-14.1,-27.3,-40.4,-50.1,-33.8,-10.4,-25.1,0,-3,0.5,0,-1,2.2,-0.4,0.2,-0.7,0.7,0.5,0.4,0.5,0.2
2012-02-01 00:00:00,-4.9,-11.2,-14.8,-16.9,-0.5,-6.4,-7.1,0.4,-0.2,-1.7,1.2,1.2,0.2,0.3,0.3,-0.6,0.7,0.8,0.5,0.9,0.3
2012-03-01 00:00:00,7.6,8,15.5,19.2,8,11.1,9.4,0.8,1.2,2.2,0.5,0.7,1.5,1,0.5,-0.2,0.8,0.8,0.4,1.2,0.5
2012-04-01 00:00:00,-3.9,-6.4,0.4,3.1,-7.6,-3.6,-4,0.3,-0.3,0.6,-0.6,-0.1,0.7,0.2,0.5,0.3,0.8,0.6,0.5,1.2,0.6
2012-05-01 00:00:00,0.6,8,11.7,4.7,6.9,3.6,4.2,0.3,1.2,1.1,2,0.4,1.6,0.8,0.5,0.6,0.7,0.3,0.1,1.1,0.6
2012-06-01 00:00:00,-2.1,4.2,-2.8,10.9,-0.6,-1.8,0,1.1,-0.2,1.6,4.4,1.4,1.2,1.2,0.6,0.7,0.4,0,0.1,0.6,0.5
2012-07-01 00:00:00,2.8,0.6,-6.1,-11.9,-0.7,5.3,0.4,0.2,1.7,-0.6,-9.6,-1.9,0.4,-0.6,0.5,0.4,0,-0.3,-0.2,0.5,0.3
2012-08-01 00:00:00,3.4,0.7,-1,-4.5,4.2,1,1.8,0.2,-0.6,-1,5.6,-0.4,-0.9,0.1,0.4,0.1,-0.4,-0.5,-0.3,0,0.1
2012-09-01 00:00:00,-2.3,0.3,2.2,0.6,-2.7,-2.6,-1.5,0.5,1.2,-1.2,-1,1,0,0.4,0.3,-0.2,-0.4,-0.5,-0.2,-0.2,0
2012-10-01 00:00:00,4.7,2.4,3.5,5.5,3.8,2.8,3.9,0.7,-2.2,-0.1,-0.3,-0.9,-0.3,-0.3,0.3,-0.2,-0.2,-0.2,-0.1,-0.4,0
2012-11-01 00:00:00,0.7,3.4,3.9,16,10.8,0.2,3.8,-0.1,-1,-0.3,-0.3,0.3,-0.1,-0.2,0.3,-0.1,0,0.1,0,-0.2,0.1
2012-12-01 00:00:00,13.4,23.6,55.4,64.6,19,6.9,22,-0.2,1.4,1.8,0.7,-0.5,-0.5,0.2,0.3,0.1,0.2,0.2,0.1,-0.1,0.2
2013-01-01 00:00:00,-11.6,-22.9,-38.3,-49.2,-29.1,-10.3,-22.3,1,0.9,0.5,-2.2,0.9,0.1,0.6,0.4,0.2,0.2,0.3,0.4,0.3,0.3
2013-02-01 00:00:00,-8.9,-12.8,-16.4,-20.3,-5.1,-8.5,-10.3,0.4,1,1.8,4.8,0.8,1.6,1.1,0.3,0.2,0.1,0.1,0.4,0.4,0.3
2013-03-01 00:00:00,12.2,6,7.5,25.5,7.6,12.1,10.9,0.5,-1.1,-5.2,-1.8,-0.6,0.1,-0.6,0.3,0.2,0.1,-0.1,0.3,0.4,0.3
2013-04-01 00:00:00,-7.1,-2.1,8.9,-4.2,-2.7,-2.4,-3.8,-0.1,-0.3,3.3,-2.2,0.8,0,0.1,0.3,0.2,0.3,-0.5,0,0.5,0.2
2013-05-01 00:00:00,3,4.1,8.9,7.7,6.6,1.7,4.3,0,0.4,1.3,1.3,1.4,0.7,0.6,0.3,0.2,0.6,-0.6,0,0.4,0.2
2013-06-01 00:00:00,-4.1,4.2,-4.5,6.6,-6.9,-3.1,-2.3,0.2,-0.2,0.4,1,-2.2,1,0,0.2,0.2,1.2,-0.4,-0.1,0.4,0.2
2013-07-01 00:00:00,4,1.1,-2.9,-9.5,5.2,5.5,2.3,0.8,1.9,1.4,-7.2,0.2,-0.4,0.2,0.3,0.2,1.6,-0.1,0.1,0.6,0.3
2013-08-01 00:00:00,3.8,2.3,1.6,-3.8,2.1,3.3,2.6,0.4,0.4,1.8,6,-0.9,0.9,0.7,0.3,0.3,1.6,0.2,0.2,0.7,0.5
2013-09-01 00:00:00,-3.8,-2.7,3.6,1.7,-0.8,-2.5,-2.1,0.1,-1.1,2.3,3.1,2.6,0.4,0.7,0.4,0.2,1.3,0.5,0.9,1.2,0.6
2013-10-01 00:00:00,5.6,6.1,6.8,7.6,5.8,6.2,6,0.2,-0.4,0.6,-2.5,0.9,2.5,0.3,0.3,0.4,0.8,0.4,0.9,1.5,0.6
2013-11-01 00:00:00,0.1,4,4.9,14,13.2,1.1,4,0,1.2,1.6,-0.7,2.6,1.7,0.9,0.4,0.6,0.4,0.1,0.9,1.6,0.6
2013-12-01 00:00:00,16.2,24.2,46.9,63.3,17,10.2,22.6,2.8,1.4,-3.4,1,-1.7,1.4,1.1,,0.8,-0.1,-0.1,0.8,1.5,
2014-01-01 00:00:00,-10.6,-23.2,-37.8,-46.8,-28.5,-9.3,-21.2,1,0.9,0.5,0.5,0.5,1.7,0.9,0.2,0.9,-0.4,-0.4,0.4,1.2,0.4
2014-02-01 00:00:00,-10.7,-11.8,-17.6,-26.6,-5.4,-10.3,-11.6,-1,1.3,1.1,-2,1.7,-0.2,0,0.2,0.8,-0.6,-0.4,0.2,0.8,0.3
2014-03-01 00:00:00,9.9,7.9,13.6,21.4,6.8,12.2,10.3,0.3,0.3,-1.2,-1.5,-1,1.3,0,0.2,0.6,-0.6,-0.2,0,0.6,0.2
2014-04-01 00:00:00,-3.2,-4.6,2.9,11.6,-2.9,-1.5,-1.8,0.1,-0.3,-0.6,3.9,0.3,0.1,0.3,0.2,0.4,-0.5,-0.1,-0.1,0.3,0.2
2014-05-01 00:00:00,1.8,5.6,7.5,-2.2,5,1.5,2.9,0.4,-0.3,-1.4,-2.7,-0.3,0.1,-0.2,0.3,0.3,-0.2,-0.1,0.2,0.2,0.2
2014-06-01 00:00:00,-4.4,5.2,-5.6,3.5,-4.1,-5,-2.5,0.8,1.6,0.7,-0.7,0.1,-0.8,0.5,0.4,0.2,0,0,0.2,0.3,0.3
2014-07-01 00:00:00,4.6,0.9,-1.9,2.7,4.9,8.1,3.9,0.4,0.4,0.5,3.7,0.2,1.6,0.8,0.5,0.3,0.3,0.1,0.4,0.3,0.4
2014-08-01 00:00:00,2,-0.8,-2.7,-16.5,2.6,1.1,-0.1,0.4,-0.4,1.1,-4.1,1.4,0.1,0.1,0.5,0.3,0.6,0.2,0.3,0.3,0.4
2014-09-01 00:00:00,-2.4,4.9,5.4,8.2,0,0.3,0.7,0.3,4.1,0.8,3.1,-0.4,0.8,1.1,0.3,,0.7,0.3,0,0.3,
2014-10-01 00:00:00,6.5,6.1,5.9,9,4.8,1.2,5.5,0.4,0.8,0.8,-0.6,0.9,-1.1,0.3,0.2,0.3,0.7,0.3,0.1,0.3,0.3
2014-11-01 00:00:00,-0.5,3.3,1.6,14.1,4.7,-0.8,1.9,0.4,0.6,-0.9,1.1,-2.2,0.9,0.1,0.3,0.3,0.7,0.4,0.3,0.4,0.3
2014-12-01 00:00:00,13.7,21.2,59.6,63.3,24.1,9.4,22.7,-0.1,-0.5,2.5,-0.1,1.1,0.2,0.2,0.2,0.4,0.8,0.3,0.3,0.4,0.3
2015-01-01 00:00:00,-11.7,-22.4,-38.2,-46.6,-29,-8.2,-21.4,-0.1,0.8,0,1.3,1,1.9,0.6,0.2,0.5,0.9,0.1,0.4,0.4,0.3
2015-02-01 00:00:00,-9.4,-11.4,-18.9,-28.4,-4.8,-10.7,-11.2,0.8,1.8,0.4,-3.8,2,-0.2,0.7,0.2,0.5,0.9,0,0.5,0.3,0.3
2015-03-01 00:00:00,10.1,8.2,16.9,29.7,8.1,11,11,-0.2,-0.8,2.4,4.8,-0.8,-1.2,0,0.2,0.4,0.7,0,0.4,0.4,0.3
2015-04-01 00:00:00,-3.9,-6.8,5.4,5.5,-5.7,-2.8,-3.3,0.3,0.2,1.1,-2,-0.5,1.2,0.2,0.3,0.5,0.4,0.1,0.3,0.2,0.3
2015-05-01 00:00:00,1.8,7.1,5.5,-0.9,5.1,1.5,3.2,0.5,0.8,-1,-0.7,0.4,-0.2,0.3,0.2,0.5,0.2,0.4,0.4,0.3,0.3
2015-06-01 00:00:00,-5,8.6,-6.2,3.6,0.9,-1.7,-1,0.3,1.7,-3,-0.2,1.9,1.5,0.6,0.2,0.6,0,0.6,0.5,0.2,0.3
2015-07-01 00:00:00,5.4,-3.1,0.8,4.1,2.9,5.8,3.1,0,-0.5,3.8,4.5,-1.1,-0.2,0.3,0.3,0.6,0,0.7,0.8,0.1,0.4
2015-08-01 00:00:00,1.2,-0.6,-5.1,-13.6,1.3,-0.7,-0.8,0.3,1,-0.5,0.3,1.6,-0.7,0.4,0.3,0.6,0.1,0.7,0.6,0.2,0.4
2015-09-01 00:00:00,-1.9,2.7,5.5,5.1,2.2,0.7,0.8,0.2,0.5,0.7,-2.8,1.5,0.6,0.3,0.4,0.6,0.3,0.7,0.4,0,0.4
2015-10-01 00:00:00,7,6.9,5.5,11.9,3.6,2.4,6,0.8,0.4,-0.5,3.1,-0.1,-0.5,0.5,0.3,0.4,0.5,0.6,0.7,0.1,0.4
2015-11-01 00:00:00,-1.8,2.7,1.4,10.5,6.9,-1,1.3,0.2,0.7,0.4,0,-0.3,1,0.3,0.3,0.4,0.7,0.4,0.4,0.1,0.3
2015-12-01 00:00:00,15.8,22.2,60.8,68.4,21.4,9.4,23.8,0.3,0.1,1.1,0.1,-0.2,0.1,0.2,0.2,0.3,0.7,0.2,0.4,0.2,0.3
2016-01-01 00:00:00,-12.7,-23.7,-39.1,-47.9,-28.8,-10.2,-22.5,-0.2,-0.1,1.2,0.9,2.1,0.3,0.4,0.1,0.2,0.8,0.1,0.4,0.4,0.3
2016-02-01 00:00:00,-6.7,-9.1,-14.8,-23.9,-1.4,-7.1,-8.2,-0.1,0.1,1,-0.9,0,-0.1,0,0,0,0.8,-0.1,0.6,0.2,0.2
2016-03-01 00:00:00,8.3,3,11.4,25.6,4.3,7.8,7.8,0.3,1,0.9,-0.4,0.2,0.8,0.5,0,-0.2,0.7,-0.3,0.6,0.4,0.1
2016-04-01 00:00:00,-6,-0.8,8.1,0,-1.3,0.5,-2.2,-0.4,-0.6,0.1,-0.4,0.8,1,-0.1,0.1,-0.4,0.5,-0.5,0.5,0.5,0.1
2016-05-01 00:00:00,0.9,0.7,0.1,-0.1,2.2,-0.6,0.7,0.5,-1.7,-1.5,-0.6,0.7,0,-0.1,0.1,-0.3,0.4,-0.6,0.2,0.7,0.1
2016-06-01 00:00:00,-3,6.5,2.1,10.1,-0.4,-3.4,0.1,0.2,0.2,2.5,0.7,-0.1,0.3,0.4,0.3,0,0.3,-0.6,0.1,0.8,0.2
2016-07-01 00:00:00,4.3,-3,-4.6,-8,2.3,7.8,1.6,0.1,-0.3,0.2,-2.9,0.1,1.1,0,0.4,0.4,0.2,-0.6,0.1,0.8,0.3
2016-08-01 00:00:00,1.1,0.3,-3.7,-11.9,2,2.1,0.1,1,1.3,-0.2,0.7,-1,1.8,0.8,0.5,0.7,0.2,-0.5,0.2,0.7,0.4
2016-09-01 00:00:00,-0.4,5.4,5,7.7,1.1,1.3,1.9,0.5,2.7,0.4,-0.5,1.3,0.6,0.9,0.5,0.9,0.3,-0.3,0.1,0.5,0.5
2016-10-01 00:00:00,4.8,5.1,2.2,7.5,1.1,0.6,3.6,0.1,0.5,-1,-0.2,0.1,-0.4,0,0.5,0.6,0.3,-0.2,0.1,0.4,0.4
2016-11-01 00:00:00,-0.4,3.8,6.2,12.5,11.2,-1,3.1,0.8,-0.3,0.1,-0.3,0.6,-0.4,0.3,0.4,0.2,0.1,0,0.2,0.2,0.3
2016-12-01 00:00:00,17.2,18.6,61.9,69.2,20,10,23.6,0.2,-1.9,2.7,1.1,0,0.4,0.1,0.3,-0.2,0,0.3,0.3,0,0.1
2017-01-01 00:00:00,-14.7,-22.8,-41.8,-49.9,-29.6,-10.5,-23.5,0.2,1.4,0.1,0.2,-0.7,0.6,0.3,0.2,-0.3,-0.1,0.4,0.2,0,0.1
2017-02-01 00:00:00,-8.2,-12.7,-19.6,-23.5,-5.6,-10,-10.6,0.1,-1.1,-3.5,-0.6,0.5,0.1,-0.4,0.1,-0.1,-0.1,0.5,0.4,0.3,0.1
2017-03-01 00:00:00,9.8,7.7,17.2,25.4,11.1,11,11,-0.5,-0.3,0.4,0.1,1.4,-0.4,-0.1,0.1,0.3,0,0.3,0.5,0.3,0.2
2017-04-01 00:00:00,-2.2,-4.8,3.2,11.1,-7,-1.4,-2.1,0.8,1,1.4,3.7,0.3,0.9,1,0.1,0.5,0.1,0,0.5,0.4,0.3
2017-05-01 00:00:00,-0.8,7.4,7.3,-4.6,7.1,0.9,2.2,0.1,1.5,0.8,-2.8,0.4,0.8,0.4,0.2,0.5,0.2,-0.2,0.6,0.3,0.3
2017-06-01 00:00:00,-3.3,8.6,-1.8,7.2,-0.5,-1.5,0.1,0.2,0.9,-0.8,-0.5,-0.1,0.6,0.2,0.2,0.1,0.2,-0.3,0.1,0.3,0.2
2017-07-01 00:00:00,4.2,-6.3,-4.6,-7.2,1.1,4.3,0.4,0.2,-1.4,1.6,-0.5,0.9,-0.3,0,0.2,-0.2,0.2,-0.2,-0.1,0.2,0.1
2017-08-01 00:00:00,0.9,-0.4,-3,-9.9,3.1,0.4,0,-0.3,-0.7,-1.2,-0.9,-0.2,-1,-0.6,0.3,-0.4,0,-0.1,-0.2,0.1,0
2017-09-01 00:00:00,-0.5,0.9,2.8,8,-2.2,0.5,0.3,0.7,-0.9,-0.4,2.3,-1.1,0.6,0.2,0.3,-0.4,0,0,-0.2,0.2,0.1
2017-10-01 00:00:00,3.9,5.8,3,7.9,2.3,3.8,4.1,0.4,-0.1,0.6,0.6,-0.6,1.2,0.3,0.4,-0.1,0.2,0.1,0,0.3,0.2
2017-11-01 00:00:00,0.7,8.3,9.8,14,13.3,-1.1,5,0.1,3.5,0.8,-1.6,2.8,0.4,1.1,0.3,0.3,0.4,0,0,0.4,0.3
2017-12-01 00:00:00,16.4,17.4,54.1,63.1,16.3,9.1,21.4,0.9,-0.8,0.6,0.2,-1.4,-0.1,0.1,0.3,0.7,0.4,-0.2,0.3,0.3,0.4
2018-01-01 00:00:00,-14.6,-23.5,-40.3,-49.9,-26.6,-11.4,-23,-0.2,-0.1,0.3,-0.9,0.8,-0.1,0,0.4,0.7,0.5,-0.1,0.4,0.3,0.4
2018-02-01 00:00:00,-8.2,-10.9,-17,-22.2,-7,-8.7,-10,0,0.5,0.9,0.8,0.2,0.9,0.4,0.3,0.5,0.5,0.1,0.3,0.1,0.3
2018-03-01 00:00:00,13.8,7.6,15.5,28.8,9.5,11,12.5,0.7,-0.4,-1.2,0.2,-0.2,-0.8,0,0.3,0.3,0.5,0.3,0.2,0.1,0.3
2018-04-01 00:00:00,-7.5,-4.5,1.5,-1,-6.8,-1.9,-5.1,0.5,1.1,0.5,-0.7,0.4,1,0.6,0.4,0.1,0.4,0.4,0.4,0.3,0.3
2018-05-01 00:00:00,2.8,5.8,11,8.2,6.7,-0.3,4.3,0.4,-0.2,2.6,3.5,0.1,-0.8,0.4,0.4,0,0.3,0.3,0.3,0.4,0.3
2018-06-01 00:00:00,-3.5,6.6,-1.2,4.6,-0.5,-1.8,-0.5,0.2,-0.2,-0.1,-1,0.1,1.1,0.2,0.4,0,0.3,0.2,0.6,0.5,0.3
2018-07-01 00:00:00,3.3,-5.1,-8.6,-10.1,3,6.7,0.4,0.4,-0.8,-1.2,-1.9,1.9,0.7,0.2,0.3,0,0.2,0,0.4,0.4,0.3
2018-08-01 00:00:00,2.3,0.3,0,-5.8,4.3,1.7,1.6,0.1,0.4,0.2,0.5,0.7,0.8,0.4,0.3,0,0.2,-0.1,0.8,0.2,0.2
2018-09-01 00:00:00,-1.3,0.7,-0.2,4.1,-4.6,-1.2,-1.1,0.5,0.3,-0.5,0.4,-0.4,-0.2,0.1,0.3,0,0.1,-0.2,0.4,0.1,0.2
2018-10-01 00:00:00,3.8,7,8.7,9,7,1.7,5.2,0.2,0.9,2.8,0.3,0.5,-1.3,0.4,0.4,0,0.2,-0.3,0.2,-0.1,0.2
2018-11-01 00:00:00,0.8,6.7,8.9,14.4,9.6,0.1,4.4,0.2,-0.5,-0.1,-0.5,0,-0.1,0,0.4,0,0.3,-0.3,0.2,0.2,0.2
2018-12-01 00:00:00,16.3,14.2,47.7,61.2,16.3,8.8,20.1,0.8,-1.4,-1.7,-0.4,0,1.3,0.1,0.4,-0.2,0.4,-0.2,0,0.2,0.2
2019-01-01 00:00:00,-13.7,-22.4,-39.5,-49.9,-26.5,-10.6,-22.2,0.2,0.3,0.5,-2.2,0.4,0.4,0.2,0.4,-0.2,0.4,0,0.1,0.5,0.2
2019-02-01 00:00:00,-8.4,-11,-16.6,-20.9,-6.8,-9.7,-10.1,0.4,0.3,2,3.1,0.2,0.1,0.6,0.3,-0.2,0.3,0.1,0.2,0.5,0.2
2019-03-01 00:00:00,10.6,7.6,16.5,21.6,7.2,12.8,10.9,0.2,-0.2,0.9,-1.3,-0.5,1.4,0.2,0.2,-0.1,0.4,0.3,0.4,0.5,0.2
2019-04-01 00:00:00,-3.9,-5.5,1.3,8.8,-2.7,-2.3,-2.7,0.2,-0.7,-1.3,2,1.2,-0.7,0,0,0,0.4,0.4,0.2,0.3,0.2
2019-05-01 00:00:00,0.5,6.3,8.6,2.5,6.2,0.5,3,-0.2,0.8,0.1,-0.2,0.4,0.5,0.2,0.1,0.1,0.3,0.3,0.5,0.2,0.2
2019-06-01 00:00:00,-4,5.6,-1.5,3.8,-2.8,-3.2,-1.5,-0.1,-0.1,1.8,-0.5,0.6,0.4,0.2,0.1,0.2,0.2,0.2,0.4,-0.1,0.2
2019-07-01 00:00:00,3.4,-3.5,-6.1,-8.3,4,5.3,1.1,0.5,0.5,-1.2,-0.3,-0.3,-0.5,0.1,,,,,,,
2019-08-01 00:00:00,3.1,1.1,1.2,-4,2.5,1.2,1.9,0.3,0.4,1.7,1.4,0.5,-0.4,0.4,,,,,,,
2019-09-01 00:00:00,-3.1,0.2,-2.4,0.2,-2.9,-0.6,-1.9,0.3,0.1,-0.6,0,0.3,0.2,0.2,,,,,,,
2019-10-01 00:00:00,5.7,6.7,7.3,11.6,5.6,3,5.9,0.5,0.4,-0.7,-0.8,0,0,0.2,,,,,,,
2019-11-01 00:00:00,0.7,7.9,13,18.2,8.3,0.6,4.9,0.4,1.1,3.5,3.9,-0.7,1.3,0.9,,,,,,,
2019-12-01 00:00:00,14.2,16.5,44.5,54.4,17.7,7.9,19.2,0,-0.6,-2.1,-3.3,0.3,-0.9,-0.5,,,,,,,
2020-01-01 00:00:00,-12.9,-24.3,-39.9,-49.7,-27,-11.4,-22.4,0.1,-1.2,-1.3,-3.3,-0.4,0,-0.5,,,,,,,
2020-02-01 00:00:00,-4.4,-7.6,-17.7,-16.7,-4.2,-6.9,-6.9,0.7,0.8,-2.8,4.3,0.6,0.7,0.6,,,,,,,
2020-03-01 00:00:00,29.3,12.8,-15.5,5.2,21.1,-17,14.7,23.7,8.2,-22.3,-8.7,16.3,-22.9,8.1,,,,,,,
2020-04-01 00:00:00,-18.6,-4.6,-51.5,-5.2,-17.1,-36.6,-19,-17.1,0.8,-54,-15.2,-13.8,-35.4,-17.4,,,,,,,
2020-05-01 00:00:00,7.3,23.7,147.3,44.2,13.3,31,19.3,7,16.3,131.4,43.8,8.6,30.5,16.6,,,,,,,
2020-06-01 00:00:00,-4.5,2.7,18.1,-8.2,0.3,24.5,1.4,0.9,-3.7,20.8,-10.7,0.1,28,2.7,,,,,,,
2020-07-01 00:00:00,6.2,0.1,2.4,-1.9,7.9,11.1,5,1.5,5,5.9,2.7,4.9,4.8,3.4,,,,,,,
2020-08-01 00:00:00,0.6,-7.4,-14.5,-19.1,-5.9,-6.6,-4.8,-0.3,-6.6,-10.6,-8.5,-5.1,-6.3,-4.1,,,,,,,
2020-09-01 00:00:00,-3.1,-1.2,1.3,10,-0.8,3.5,-0.8,-1.3,-3.5,-1.3,0.9,-1,3.2,-1.1,,,,,,,
2020-10-01 00:00:00,5.3,5.6,14.4,14.9,7,8.2,7,0,-0.3,7,5.2,1.9,4.7,1.5,,,,,,,
2020-11-01 00:00:00,-2,17.2,32.3,32.5,15.9,5.2,9.2,-0.5,11.5,25.6,19.4,7.8,6.6,6.7,,,,,,,
2020-12-01 00:00:00,15,8.3,40.3,45.5,14.8,11.9,17.3,-1,-7.8,-9,-11.8,-4.1,3.3,-3.5,,,,,,,
2021-01-01 00:00:00,-12.5,-22.9,-42.2,-49.7,-27.6,-11.2,-22.4,1,-0.1,-2.1,-1,1.1,-0.3,0.3,,,,,,,
2021-02-01 00:00:00,-11.6,-10.4,-16.3,-20.9,-6.8,-9.1,-11.2,-3,0.7,1.6,2.2,-0.4,1.1,-0.8,,,,,,,
2021-03-01 00:00:00,10.4,9.4,22.7,33.6,12,17.6,13.3,-0.9,-0.1,5.4,8.5,1.4,4.8,1.3,,,,,,,
2021-04-01 00:00:00,-4.5,-6.1,3.9,-0.2,-5.3,-0.7,-3.5,1.4,1.5,1.2,-6.7,1.7,2.3,1.1,,,,,,,
2021-05-01 00:00:00,2.7,4.7,5.5,0.3,5.1,0.6,3.2,1.1,-1.1,0,-0.7,0.7,0.7,0.4,,,,,,,
2021-06-01 00:00:00,-3.2,5.8,-10.1,-2.6,-1.3,-8.6,-2.6,1.5,-1.3,-9.5,-7,-1.6,-6,-1.8,,,,,,,
2021-07-01 00:00:00,7.3,-6.3,-18.7,-15.8,3.4,-6.7,-0.9,2.3,-2.2,-15.4,-11.4,0.6,-12.3,-2.7,,,,,,,
