Unnamed: 0,% change from preceding month ;  New South Wales ;  Total (Industry) ;,% change from preceding month ;  Victoria ;  Total (Industry) ;,% change from preceding month ;  Queensland ;  Total (Industry) ;,% change from preceding month ;  South Australia ;  Total (Industry) ;,% change from preceding month ;  Western Australia ;  Total (Industry) ;,% change from preceding month ;  Tasmania ;  Total (Industry) ;,% change from preceding month ;  Northern Territory ;  Total (Industry) ;,% change from preceding month ;  Australian Capital Territory ;  Total (Industry) ;,% change from preceding month ;  Total (State) ;  Total (Industry) ;,% change from preceding month ;  New South Wales ;  Total (Industry) ;.1,% change from preceding month ;  Victoria ;  Total (Industry) ;.1,% change from preceding month ;  Queensland ;  Total (Industry) ;.1,% change from preceding month ;  South Australia ;  Total (Industry) ;.1,% change from preceding month ;  Western Australia ;  Total (Industry) ;.1,% change from preceding month ;  Tasmania ;  Total (Industry) ;.1,% change from preceding month ;  Northern Territory ;  Total (Industry) ;.1,% change from preceding month ;  Australian Capital Territory ;  Total (Industry) ;.1,% change from preceding month ;  Total (State) ;  Total (Industry) ;.1,% change from preceding month ;  New South Wales ;  Total (Industry) ;.2,% change from preceding month ;  Victoria ;  Total (Industry) ;.2,% change from preceding month ;  Queensland ;  Total (Industry) ;.2,% change from preceding month ;  South Australia ;  Total (Industry) ;.2,% change from preceding month ;  Western Australia ;  Total (Industry) ;.2,% change from preceding month ;  Tasmania ;  Total (Industry) ;.2,% change from preceding month ;  Northern Territory ;  Total (Industry) ;.2,% change from preceding month ;  Australian Capital Territory ;  Total (Industry) ;.2,% change from preceding month ;  Total (State) ;  Total (Industry) ;.2
Unit,Percent,Percent,Percent,Percent,Percent,Percent,Percent,Percent,Percent,Percent,Percent,Percent,Percent,Percent,Percent,Percent,Percent,Percent,Percent,Percent,Percent,Percent,Percent,Percent,Percent,Percent,Percent
Series Type,Original,Original,Original,Original,Original,Original,Original,Original,Original,Seasonally Adjusted,Seasonally Adjusted,Seasonally Adjusted,Seasonally Adjusted,Seasonally Adjusted,Seasonally Adjusted,Seasonally Adjusted,Seasonally Adjusted,Seasonally Adjusted,Trend,Trend,Trend,Trend,Trend,Trend,Trend,Trend,Trend
Data Type,PERCENT,PERCENT,PERCENT,PERCENT,PERCENT,PERCENT,PERCENT,PERCENT,PERCENT,PERCENT,PERCENT,PERCENT,PERCENT,PERCENT,PERCENT,PERCENT,PERCENT,PERCENT,PERCENT,PERCENT,PERCENT,PERCENT,PERCENT,PERCENT,PERCENT,PERCENT,PERCENT
Frequency,Month,Month,Month,Month,Month,Month,Month,Month,Month,Month,Month,Month,Month,Month,Month,Month,Month,Month,Month,Month,Month,Month,Month,Month,Month,Month,Month
Collection Month,1,1,1,1,1,1,1,1,1,1,1,1,1,1,1,1,1,1,1,1,1,1,1,1,1,1,1
Series Start,1982-04-01 00:00:00,1982-04-01 00:00:00,1982-04-01 00:00:00,1982-04-01 00:00:00,1982-04-01 00:00:00,1982-04-01 00:00:00,1982-04-01 00:00:00,1982-04-01 00:00:00,1982-04-01 00:00:00,1982-04-01 00:00:00,1982-04-01 00:00:00,1982-04-01 00:00:00,1982-04-01 00:00:00,1982-04-01 00:00:00,1982-04-01 00:00:00,1982-04-01 00:00:00,1982-04-01 00:00:00,1982-04-01 00:00:00,1982-04-01 00:00:00,1982-04-01 00:00:00,1982-04-01 00:00:00,1982-04-01 00:00:00,1982-04-01 00:00:00,1982-04-01 00:00:00,1982-04-01 00:00:00,1982-04-01 00:00:00,1982-04-01 00:00:00
Series End,2021-07-01 00:00:00,2021-07-01 00:00:00,2021-07-01 00:00:00,2021-07-01 00:00:00,2021-07-01 00:00:00,2021-07-01 00:00:00,2021-07-01 00:00:00,2021-07-01 00:00:00,2021-07-01 00:00:00,2021-07-01 00:00:00,2021-07-01 00:00:00,2021-07-01 00:00:00,2021-07-01 00:00:00,2021-07-01 00:00:00,2021-07-01 00:00:00,2021-07-01 00:00:00,2021-07-01 00:00:00,2021-07-01 00:00:00,2021-07-01 00:00:00,2021-07-01 00:00:00,2021-07-01 00:00:00,2021-07-01 00:00:00,2021-07-01 00:00:00,2021-07-01 00:00:00,2021-07-01 00:00:00,2021-07-01 00:00:00,2021-07-01 00:00:00
No. Obs,472,472,472,472,472,472,472,472,472,472,472,472,472,472,472,472,472,472,472,472,472,472,472,472,472,472,472
Series ID,A3348646J,A3348709F,A3348772W,A3348835V,A3348898C,A3348961J,A3349024J,A3349087T,A3348583K,A3348649R,A3348712V,A3348775C,A3348838A,A3348901F,A3348964R,A3349027R,A3349090F,A3348586T,A3348652C,A3348715A,A3348778K,A3348841R,A3348904L,A3348967W,A3349030C,A3349093L,A3348589X
1982-04-01 00:00:00,,,,,,,,,,,,,,,,,,,,,,,,,,,
1982-05-01 00:00:00,4,1.6,1.3,3,6.8,-1.3,,0.4,3,-0.4,0.7,0.3,1.6,0.8,-1.3,,-0.2,0.3,-0.2,0.6,0.4,1.3,0.4,0.4,,0.2,0.3
1982-06-01 00:00:00,-5.1,-4.8,0.3,-3.7,-5.4,-1.7,,-3.5,-4,0.3,1.5,1.6,0,1.8,0.5,,1,1,-0.2,0.8,0.4,1.5,0.4,0.4,,0.5,0.4
1982-07-01 00:00:00,2.5,3.9,4.3,6.8,5,6.7,,1.9,3.8,-1.4,0.3,-0.1,2.5,-0.2,3.4,,-2.6,-0.2,-0.2,0.8,0.3,1.5,0.4,0.4,,0.8,0.4
1982-08-01 00:00:00,-3.7,-4.1,-2.7,-2.6,-5,-5.5,,-1.7,-3.8,1.7,-0.5,0.6,2.5,-0.6,-0.5,,3.7,0.8,-0.3,1,0.1,1.6,0.4,0.2,,1.4,0.4
1982-09-01 00:00:00,2.2,3.9,3.3,1.6,3.9,1.2,,3.8,2.9,-1.7,2.2,-0.1,0,0.4,-0.9,,0.1,0,-0.4,1.1,0,1.7,0.4,0,,1.8,0.4
1982-10-01 00:00:00,1.5,7.1,-2.6,5.1,2.1,-0.4,,7.6,2.8,-0.2,1.6,-1.9,2.3,0.8,-1.7,,4.5,0.4,0,1.2,0,1.7,0.3,0,,2,0.5
1982-11-01 00:00:00,8.6,8.3,6.3,7.8,6,9.9,,10.3,7.9,0.9,2,1.9,2.3,1.5,2.2,,2.7,1.6,0.8,1.3,0.3,1.6,0.3,0.4,,1.9,0.9
1982-12-01 00:00:00,37.6,34,33.6,32.8,35.4,37.1,,35,35.2,-0.6,0.1,-0.1,1.3,-0.1,0.4,,3.3,0,1.5,1.2,0.7,1.5,0.3,0.9,,1.5,1.2
1983-01-01 00:00:00,-35.7,-35.5,-29.8,-32.9,-35.4,-36.6,,-42.5,-34.7,3.1,0.3,1.4,1.4,-1.7,1,,-6.7,1.2,2,0.9,1,1.5,0.4,1.2,,1.1,1.3
1983-02-01 00:00:00,2.2,0.2,-6.4,-4,-1,1.7,,4,-0.4,6.5,1.4,2.3,-0.4,2.2,1.2,,7,3.4,2,0.4,1.1,1.4,0.4,1.2,,0.8,1.2
1983-03-01 00:00:00,10.9,13.8,14,19.9,9.2,16.6,,14.4,12.9,-1.8,1.2,0,3.8,-0.5,4.1,,-0.3,0,1.5,0,1,1.4,0.5,1,,0.7,0.9
1983-04-01 00:00:00,-2.3,-5.2,-5,-4.2,-2.1,-6.3,,0.3,-3.7,2.7,0.5,1.6,1.7,2,-1,,0.7,1.6,0.8,-0.1,0.8,1.6,0.8,0.7,,0.4,0.6
1983-05-01 00:00:00,2.7,-0.5,3.6,4.6,7.6,1.9,,3.6,2.6,-2.5,-4.6,-1,-0.9,0.8,-2,,0.6,-2.4,0.2,0.1,0.5,1.7,1,0.5,,0.1,0.5
1983-06-01 00:00:00,-3.9,-4.1,-0.6,-1.8,-5.9,-2.5,,-5.1,-3.4,0.7,2.3,0.8,2.3,0.1,1.5,,-1,1.2,0,0.5,0.5,1.4,1.1,0.7,,-0.1,0.4
1983-07-01 00:00:00,0.2,2.2,2,2.2,3,1,,3.6,1.5,-0.6,2.2,0.9,1.8,1.1,1.1,,1.8,0.8,0.1,0.8,0.5,0.9,1,0.9,,0.5,0.5
1983-08-01 00:00:00,2.9,4.6,3,4.1,4.4,5.1,,-3.1,3.5,1.2,2.8,1.2,3.4,2.8,2.9,,-3.1,1.9,0.4,1.1,0.6,0.3,0.8,1.2,,1.5,0.7
1983-09-01 00:00:00,0.3,0.4,0.5,-1.9,0.4,-0.1,,2.7,0.2,1.3,-0.2,-0.6,-2.4,0.1,0.2,,1.1,0.1,0.6,1.3,0.7,-0.2,0.7,1.3,,2.4,0.8
1983-10-01 00:00:00,3,3.3,-1.6,-4.8,-0.5,0.8,,11.4,1.4,1,1,1,-4.4,-0.3,1.8,,9.8,0.5,0.6,1.2,0.6,-0.5,0.7,1.3,,2.6,0.7
1983-11-01 00:00:00,9.2,8,8.8,9.3,7.3,10.1,,9.2,8.6,-0.4,-0.3,1.7,1.4,0.7,0.4,,1.8,0.3,0.6,1,0.5,-0.5,0.8,1,,2.3,0.6
1983-12-01 00:00:00,37.5,35.8,30.2,31.9,32.8,36.7,,38.2,35,0.8,1.6,-0.7,1.3,-0.3,0.4,,6.8,0.9,0.5,0.8,0.3,-0.3,1,0.8,,1.4,0.6
1984-01-01 00:00:00,-38.7,-33.9,-28.9,-33.2,-31.2,-35.7,,-44.9,-34.9,-1.4,2.6,1.1,0.1,4.1,1.8,,-12.6,0.5,0.4,0.8,0.3,0,1.1,0.7,,0.5,0.5
1984-02-01 00:00:00,3.8,0.4,-6.4,-0.1,2.4,3.8,,7.2,0.9,2.6,-1.6,-1.4,0.6,0.5,0.6,,6.4,0.5,0.4,0.7,0.4,0.2,1.1,0.8,,-0.2,0.5
1984-03-01 00:00:00,6.3,9.1,8.2,8.3,4.9,5.9,,10.7,7.4,0.7,1.7,1.2,-0.9,0.9,0.7,,1.2,0.9,0.4,0.6,0.6,0.3,1,1,,-0.5,0.5
1984-04-01 00:00:00,-5.6,-6.1,-4.2,-6.1,-5.8,-5.7,,-1.9,-5.5,-0.6,0.4,1.5,-0.6,-0.5,-0.2,,-0.8,0,0.4,0.3,1,0.2,0.8,1.1,,-0.3,0.5
1984-05-01 00:00:00,12.3,10.2,11.5,13,15.6,14.9,,6.9,12,0.2,-0.4,1.7,1.4,2.5,2.5,,-0.5,0.6,0.4,0,1.4,0.2,0.7,1,,0.1,0.4
1984-06-01 00:00:00,-9.4,-9.5,-5.5,-7.7,-11.3,-6,,-6.3,-8.7,-0.9,-0.5,-0.3,-0.3,-2.4,1.8,,0.5,-0.7,0.4,-0.2,1.6,0.4,0.7,0.9,,0.4,0.5
1984-07-01 00:00:00,3.3,0.1,5.6,2.1,5.2,-0.5,,1.8,2.7,3.3,1.7,5.2,3.3,5.3,1,,-0.3,3.2,0.5,-0.2,1.5,0.6,0.9,0.7,,0.4,0.5
1984-08-01 00:00:00,2.9,2.8,4.7,1.2,3.4,2.2,,1.7,3,-0.8,-2.5,-0.4,-2.6,-1.7,-1.4,,1.2,-1.4,0.6,-0.1,1.3,0.7,1.1,0.7,,0.3,0.6
1984-09-01 00:00:00,-4.5,-5.6,-4.6,-4.8,-3.7,-6.1,,-3.1,-4.8,0.8,0.5,0.4,0.6,1.3,-0.4,,0.7,0.7,0.8,0.1,1,0.8,1.2,0.9,,0.6,0.7
1984-10-01 00:00:00,9.9,10.7,6.1,10.4,9.2,12.4,,9.7,9.6,0.7,0.8,1.1,3.4,2.3,4,,1,1.2,0.7,0.4,0.6,0.9,1.1,1.1,,0.6,0.7
1984-11-01 00:00:00,6.8,8.2,4.9,6.8,5.1,5.8,,5.9,6.6,1,1.6,0.4,0.7,0.9,0.2,,0.6,1,0.6,0.7,0.4,1,1,1.2,,0.6,0.7
1984-12-01 00:00:00,32.5,25.7,26.6,21.8,29.6,30.9,,23.2,28.3,0.4,0,1.2,-1,0.9,1.7,,-2.2,0.3,0.7,0.9,0.4,1,0.8,1.3,,0.8,0.8
1985-01-01 00:00:00,-32.3,-29,-24.8,-25.5,-29.4,-28.7,,-30.8,-29.4,1.1,1,-0.7,2.5,-0.1,2.4,,5,0.9,0.8,1.1,0.6,1,0.6,1.2,,1,0.9
1985-02-01 00:00:00,-7.1,-2.9,-12.5,-7,-6,-5.6,,-4.6,-6.6,0.2,2.8,-0.4,1.3,0.2,-1.1,,0.6,0.9,1.1,1.1,0.8,1,0.6,1,,1.5,1
1985-03-01 00:00:00,8.9,7.1,12.3,10,8,6.2,,8.6,8.8,1,-1.2,3.4,0.1,1.2,0.7,,-2.1,0.6,1.4,1,0.9,0.9,0.7,0.8,,1.9,1.1
1985-04-01 00:00:00,2.3,0.1,-1.6,0.2,-0.8,2.5,,10.3,0.8,2.5,1.6,0.3,0.3,0.4,1.1,,6.9,1.6,1.5,0.9,1,0.8,1,0.6,,2.2,1.2
1985-05-01 00:00:00,12.8,11.3,11.4,11.4,14.3,9.6,,8.3,12.1,2.3,2.3,2.3,2.4,2,2,,1.6,2.2,1.5,0.9,0.9,0.8,1.3,0.5,,2.1,1.2
1985-06-01 00:00:00,-12.2,-12.5,-9.1,-9.8,-12.9,-10.8,,-10.4,-11.6,0.1,-0.2,-0.8,0.7,0.3,-0.1,,0.4,0,1.4,0.9,0.9,0.7,1.4,0.4,,1.8,1.1
1985-07-01 00:00:00,11.4,4.5,5.8,3.4,9.5,4.6,,12.1,7.7,3.5,0.2,0.4,-1.2,3.1,-0.6,,2.9,1.6,1.3,1,0.9,0.8,1.2,0.5,,1,1.1
1985-08-01 00:00:00,-2.5,4.5,3.5,2.8,2.7,0.8,,-3.3,1.1,-1.9,1.5,1.7,1.3,1.3,-0.3,,-0.5,0.1,1.3,1,1,0.9,0.9,0.6,,0.5,1.1
1985-09-01 00:00:00,-3.6,-5.3,-3,-3.9,-4.6,-4.5,,-1,-4.1,1.6,1.7,1.3,2,-0.4,2.4,,1,1.4,1.2,1,1.2,1,0.6,0.7,,0.1,1.1
1985-10-01 00:00:00,11.8,13.5,8.8,9.3,6.9,10.4,,3.6,10.9,2.2,1.3,2,0.3,-0.5,0.2,,-2.5,1.4,1,0.9,1.4,0.8,0.5,0.7,,0.1,1
1985-11-01 00:00:00,7.7,3.9,2.4,4.5,3.8,5.6,,4.7,5.1,1.4,0.1,0.8,1.2,0.6,1.4,,0.8,0.9,0.6,0.7,1.3,0.5,0.6,0.5,,0.3,0.7
1985-12-01 00:00:00,32.1,28.7,28.4,27.8,29,31.3,,27.8,29.8,1,0.6,0.9,2.1,0.9,0.7,,-1,0.9,0.2,0.6,1.2,0.3,0.8,0.1,,0.5,0.5
1986-01-01 00:00:00,-32.9,-29.3,-22.6,-29.9,-25.9,-33,,-28.1,-29.5,-1.3,0.1,1.3,-3.9,2.2,-2.8,,8.6,-0.3,-0.1,0.7,1,0.2,0.9,-0.2,,0.6,0.4
1986-02-01 00:00:00,-10,-5,-11.5,-6.4,-6.6,-3.3,,-11.8,-8.1,-2,1.9,1.9,3,1.7,1.4,,-6.5,0.4,0,1,0.9,0.4,0.9,-0.4,,0.5,0.5
1986-03-01 00:00:00,6.3,4.5,5.1,4.9,5,3.2,,14.9,5.4,-0.4,-1.5,-1.7,-3.3,-0.8,-1.1,,4.1,-1.1,0.3,1.3,0.7,0.5,0.7,-0.3,,0.6,0.7
1986-04-01 00:00:00,4.3,7,1.8,7.4,1.2,1.8,,-0.9,4.4,2.7,4.4,1.6,5.1,0.4,-0.8,,-3.2,2.8,0.9,1.6,0.5,0.6,0.5,0.2,,0.9,1
1986-05-01 00:00:00,12.9,10.1,10.1,10.6,9.9,10.6,,13.3,11.3,4,3.1,2.7,2.9,0.4,2.8,,6.2,3.2,1.4,1.6,0.4,0.6,0.6,0.8,,1.4,1.1
1986-06-01 00:00:00,-12.3,-13.2,-7.9,-13.5,-10.7,-12.2,,-12.6,-11.9,-0.9,-1.4,-1.2,-3.2,1.4,-0.9,,-4.2,-1.1,1.5,1.4,0.3,0.4,0.7,1.1,,1.6,1.1
1986-07-01 00:00:00,9,8.3,3.5,5.6,5.9,9.4,,16.3,7.6,1.1,2,-2.3,-1.3,-0.2,2.4,,8,0.7,1.2,1.1,0.2,0.1,0.9,1.2,,1.5,0.9
1986-08-01 00:00:00,-2.6,-0.9,0.3,-1.8,1.3,-1,,-3.7,-1.3,1.7,1.5,2.6,1.8,3.1,2.7,,2.3,2,0.7,0.7,0.4,-0.2,1,1,,1,0.6
1986-09-01 00:00:00,1.4,-0.9,1.8,1.6,0.9,1.3,,1,0.8,-0.5,-0.7,1.2,1,0.2,0,,-2.8,-0.1,0.3,0.4,0.6,-0.2,1.1,0.6,,0.1,0.4
1986-10-01 00:00:00,6.2,9.7,5.9,4.3,7.8,3.6,,2,6.9,-0.4,0.3,-0.3,-1.7,0.7,-1.4,,-1.7,-0.2,0.2,0.3,0.9,0,1,0.1,,-0.3,0.4
1986-11-01 00:00:00,2.2,-0.9,-2.4,-0.3,-1.1,0.7,,-1.4,0,0.6,0.1,0.8,0.1,0.5,0.2,,-0.3,0.4,0.1,0.4,1.2,0.3,0.9,0,,-0.2,0.5
1986-12-01 00:00:00,40.6,37.5,37.8,33.8,37.7,40.3,,37.5,38.4,0.7,0.8,2.5,0.8,0.9,1,,0.3,1,0.1,0.5,1.2,0.5,0.9,0.2,,0.3,0.5
1987-01-01 00:00:00,-34.5,-30.7,-25.1,-27.9,-28.9,-32.9,,-34,-31,-0.5,0.9,1,1.1,1.7,-1,,1,0.5,0.2,0.5,0.9,0.6,1,0.8,,1,0.5
1987-02-01 00:00:00,-7.3,-6.6,-12,-8.8,-6,-2.7,,-1.9,-7.6,0.7,0.6,0.4,0.9,2.1,2.5,,3.9,0.9,0.4,0.6,0.4,0.7,1.1,1.6,,1.6,0.6
1987-03-01 00:00:00,6.2,8.1,6.5,8.7,2.6,5.3,,12.1,6.7,0.3,1.5,0.2,0.3,-2.3,1.2,,1.6,0.4,0.6,0.6,0.1,0.8,1.2,2,,1.6,0.7
1987-04-01 00:00:00,3.6,1.9,1.8,5.1,7.8,8.9,,2.3,3.5,0.6,-1.2,-0.3,1.2,4,5.6,,-0.5,0.4,0.8,0.7,-0.1,0.9,1.2,1.9,,1.1,0.7
1987-05-01 00:00:00,5.5,3.9,1.6,2.4,6.1,2.6,,3.6,4.3,1.3,1.3,-1.1,0.4,1.8,-0.5,,1.6,0.9,1,0.8,0.1,0.9,1.2,1.4,,0.5,0.8
1987-06-01 00:00:00,-4.5,-6.1,-3.4,-4.5,-7,-2.9,,-3.4,-5,1.8,0.5,-1.4,0.3,0,1.6,,-0.6,0.6,1,0.8,0.5,0.9,1,0.8,,0.2,0.9
1987-07-01 00:00:00,6.2,7.7,11.3,7.4,6.2,1.3,,6.2,7.3,0.4,2.6,6.1,2.3,1.2,-1,,0.4,2,0.9,0.9,1.1,0.9,1,0.3,,0.2,0.9
1987-08-01 00:00:00,-4.3,-4.8,-5.5,-4.4,-4.4,-5.1,,-7.8,-4.7,1.5,0.1,-0.6,0.7,0,-0.4,,-1.2,0.5,0.7,0.7,1.5,0.7,1,0.1,,0.5,0.8
1987-09-01 00:00:00,2.8,2.4,4,2.3,4.3,3.5,,5.3,3,-0.5,0.3,1.3,-0.1,1.4,0,,1.9,0.2,0.5,0.4,1.7,0.3,0.8,0.3,,0.8,0.7
1987-10-01 00:00:00,5.8,7.4,7.4,4.8,7.1,5.9,,5.2,6.5,0.4,-0.3,2.3,-0.3,1.3,1.2,,1.2,0.6,0.5,0,1.6,0,0.4,0.7,,1,0.5
1987-11-01 00:00:00,2.9,-1.8,-1,-0.8,-3,0.1,,1.9,0,1.1,-0.4,2,0,-1.7,1,,2.2,0.5,0.6,-0.2,1.3,-0.2,0.1,1.1,,1,0.4
1987-12-01 00:00:00,38,42.8,36.8,35.8,44.7,46.4,,37.9,39.6,-0.9,2.4,0.6,-0.1,5.4,3.6,,1,1,0.8,-0.1,1.1,-0.3,0,1.1,,0.8,0.4
1988-01-01 00:00:00,-33.4,-36.8,-28.1,-33.4,-36,-35.6,,-37.7,-33.9,3.1,-4.6,0.6,-2.2,-5.9,-1.8,,-2.3,-0.9,0.9,0.3,1.1,0,0.1,0.9,,0.6,0.6
1988-02-01 00:00:00,-1.3,1.3,-6.4,-1.5,-3.7,2.6,,4.2,-1.5,0.8,3.7,0.6,2.8,-1.1,2.5,,3.3,1.6,0.8,0.7,1.4,0.4,0.4,0.6,,0.4,0.8
1988-03-01 00:00:00,7.4,10.5,11.3,13.2,11.2,7,,8.5,9.6,-0.2,0.9,3,0.7,3.9,-1.2,,-1.5,1,0.5,1,2,0.8,0.6,0.3,,0.4,0.9
1988-04-01 00:00:00,-4.5,-2.7,-4.1,-6.3,1,-4.9,,-0.9,-3.5,-0.2,2,1.3,-0.5,3.3,0.5,,1.5,1,0.2,1.1,2.7,1,0.6,0.2,,0.5,0.9
1988-05-01 00:00:00,5.3,3.2,7.4,5.7,1.9,3.6,10.8,2.8,4.7,1,0.7,3.5,2.4,-0.3,0.3,1,-0.1,1.3,-0.1,0.9,3.1,1.1,0.3,0.2,0.8,0.5,0.8
1988-06-01 00:00:00,-3.4,-0.8,6,0.1,-3.4,-1.1,2,-0.3,-0.8,-0.9,1.3,4,1.3,-1.4,0.8,1.1,2.3,0.7,-0.1,0.8,2.8,1,0,0.4,0.9,0.4,0.8
1988-07-01 00:00:00,0.2,-2.6,3.2,0.5,-2.3,-2.5,2.7,0.3,-0.3,-0.2,-2.3,4,0.9,-1.6,-0.8,0.5,-1.8,-0.1,0.2,0.7,1.9,0.8,-0.2,0.6,0.9,0.4,0.7
1988-08-01 00:00:00,0.6,2.8,-0.2,0.2,1,4.2,-0.4,1.3,1.1,0.7,2.5,-0.6,-0.3,0.6,2.5,-0.2,2.4,0.9,0.9,0.7,0.9,0.8,-0.1,0.8,1.1,0.6,0.7
1988-09-01 00:00:00,4.1,2,2.1,2.1,2.4,1.1,3.1,1,2.7,1.9,1.1,-0.6,0.8,-0.1,0.1,3,-1,0.9,1.5,0.8,0.1,0.9,0.7,0.9,1.4,1,1
1988-10-01 00:00:00,2.5,3.3,-0.5,0.8,3.3,-0.3,-1.9,-0.1,2,1.9,1.2,0.4,1.6,2.6,1.2,1.2,0.5,1.5,1.8,0.8,-0.2,0.9,1.7,1,1.6,1.2,1.1
1988-11-01 00:00:00,10.4,6.9,-2.1,6.1,8.1,10.3,-0.3,6,6.7,2.5,1.4,-4.9,-0.8,2.9,1.1,2.1,1.2,0.7,1.9,0.7,-0.1,0.9,2.3,0.9,1.6,1.2,1.2
1988-12-01 00:00:00,38.2,35.7,39.6,37.5,35.6,33.7,23.2,43.2,37.3,1.9,-1.2,4.6,4.2,0.3,-0.4,0.1,6.9,1.5,1.6,0.6,0.4,0.7,2.1,0.7,1.4,0.8,1.1
1989-01-01 00:00:00,-34.2,-34.5,-27.2,-32.9,-30,-33,-24.5,-38,-32.7,2.7,1.1,3.3,-0.4,6.6,2.2,4.7,-3.7,2.4,1.2,0.4,1,0.3,1.6,0.4,1,0.1,0.9
1989-02-01 00:00:00,-7.3,-4.6,-9.9,-8,-6.6,-1.8,-3.5,-4.1,-6.8,-3.3,-0.2,-1.2,-1.9,-2.3,-0.3,-2.2,-1.2,-1.9,0.8,0.4,1.3,0,0.9,0.1,0.6,-0.6,0.7
1989-03-01 00:00:00,13.2,13.6,12.3,13.8,12.3,9.2,11.5,11,13,2.3,1.5,0.6,-0.2,0.4,-0.9,0.5,-2.1,1.3,0.6,0.5,1.3,-0.1,0.3,0.1,0.4,-0.9,0.6
1989-04-01 00:00:00,-2.9,-3.6,-3.4,-3.3,-5.5,-5.9,-4.7,-3.1,-3.5,1.7,0.1,3.2,1,-1.1,0.1,0,0.5,1.1,0.6,0.6,1.2,0,0.2,0.1,0.5,-0.8,0.6
1989-05-01 00:00:00,6.1,5.6,6.6,4.7,5.9,6.1,12.1,4.9,6,-0.8,0.5,-0.3,-0.8,0,-0.2,1,-1.4,-0.3,0.7,0.6,1.1,0.2,0.3,0.4,0.7,-0.1,0.7
1989-06-01 00:00:00,-1.1,-2.9,2.8,-2.2,-0.4,-0.5,2.4,-1.8,-0.9,2.9,0.7,1.6,1.2,2.8,1.8,1.3,0.8,1.9,0.8,0.5,1,0.5,0.6,0.6,0.8,0.6,0.7
1989-07-01 00:00:00,-1.5,-1,-2.3,-0.4,-2,-4,2.2,3.2,-1.4,-0.4,1.1,1,1,0.6,1,0.9,3.8,0.5,0.9,0.5,1,0.8,1,0.8,0.8,1,0.8
1989-08-01 00:00:00,2,1.8,2.6,3.8,2.9,6.4,5.8,0.8,2.4,0.2,-0.8,-0.4,0.7,0.7,0.5,2.7,0.3,0,0.8,0.6,0.8,0.8,1.1,0.8,0.7,1.1,0.8
1989-09-01 00:00:00,2.8,1,3.6,-0.8,3.3,-0.4,-6.6,-0.4,2,1.8,1.7,3.5,0.5,1.8,1.4,-2.1,-0.6,1.9,0.7,0.7,0.6,0.8,0.8,0.6,0.4,1.1,0.7
1989-10-01 00:00:00,0.7,1.8,-0.7,0.5,-0.6,-0.8,-0.6,3.1,0.6,0,-0.3,-1.3,0.3,-1,-0.8,0.1,1.8,-0.3,0.6,0.8,0.6,0.7,0.5,0.4,0.3,1,0.7
1989-11-01 00:00:00,10.2,7.3,4.2,11.2,9.8,9.9,-0.1,5.5,8.3,1.1,0.6,-0.2,2,2.4,1.3,0.4,0.9,0.9,0.5,0.8,0.6,0.6,0.2,0.4,0.5,0.9,0.6
1989-12-01 00:00:00,30.7,36.7,30.5,25.2,27.2,29.8,18.3,29.5,31.3,1.1,3.3,2,-0.6,-2,0.2,1.6,0.6,1.4,0.3,0.5,0.7,0.5,0,0.6,0.8,0.8,0.4
1990-01-01 00:00:00,-32.8,-31.9,-26.1,-27.6,-30.2,-30.6,-23.8,-29.8,-30.7,-1.8,-1,0.1,1.2,0.7,-0.4,1.1,2.9,-0.7,0.3,0.2,0.8,0.6,0.1,0.9,1.3,0.9,0.4
1990-02-01 00:00:00,-5.9,-8,-9.3,-9.4,-8.2,-1.8,-1.6,-5.3,-7.4,0.5,-0.6,1.4,-0.3,-1.2,2.2,1.2,-0.4,0.2,0.2,-0.1,1,0.6,0.4,1.1,1.5,1.1,0.3
1990-03-01 00:00:00,11.7,10,12.4,14.8,14.5,12.6,13.2,12.1,11.9,1.4,-1.7,1.7,0.8,2.7,2.9,1.7,-1,0.7,0.3,-0.4,1.1,0.7,0.7,1.2,1.3,1.2,0.4
1990-04-01 00:00:00,-4.2,-3.6,-5.4,-3.3,-3.2,-5.8,-2.1,-0.7,-4,-0.2,0.9,-0.6,1.5,1,-0.5,2.8,2.6,0.3,0.4,-0.4,1,0.7,0.9,1.1,1,1.3,0.4
1990-05-01 00:00:00,7.5,5.8,9.5,7.6,5.7,9,10.2,8.2,7.3,0.5,-0.8,2.3,0.1,-0.9,1.3,-1.1,2,0.3,0.4,-0.3,0.8,0.5,0.9,1,0.8,1.2,0.4
1990-06-01 00:00:00,-3.8,-3.6,-0.3,-4.1,-0.1,-4,0.1,0.3,-2.7,0.7,0.8,0.8,1.2,3.6,0.7,0.4,4.2,1.1,0.4,-0.2,0.5,0.4,0.7,0.9,0.7,1,0.3
1990-07-01 00:00:00,-2,-3.1,-3.6,-1.7,-4,-3.7,3.5,-3.4,-2.7,-0.2,-0.7,-1.4,-0.1,-1,-0.3,-0.1,-3.2,-0.6,0.2,-0.3,0.2,0.3,0.3,0.9,0.7,0.6,0.1
1990-08-01 00:00:00,4.9,4.7,7,5.1,4,8.5,3.8,1.2,5.1,0.8,0.2,1.8,0.4,-0.6,2.2,1.2,-0.1,0.7,0,-0.4,0,0.4,0,0.8,0.7,0.1,0
1990-09-01 00:00:00,-3.6,-6,-5.7,-5.8,-3.2,-4.7,-3.8,-1.7,-4.7,-0.8,-1.2,-1.6,-1.4,-0.1,1.1,3,1.5,-0.9,0,-0.3,0,0.7,0,0.6,0.5,-0.2,0
1990-10-01 00:00:00,5.9,6.8,6.2,7.6,5.9,6.3,2.2,5,6.3,0.2,-1.2,0.5,1.6,-0.3,1.1,-0.3,-1.7,-0.1,-0.1,-0.1,0.2,0.9,0,0.5,0.4,0,0.1
1990-11-01 00:00:00,6.2,5.2,3.4,11,5.5,6.7,-1.9,5.5,5.7,0.1,1.2,0.1,4.8,0.5,-0.9,-0.2,2.1,0.8,0,0.2,0.5,1,0.2,0.4,0.3,0.5,0.3
1990-12-01 00:00:00,26.6,30.8,25.6,22.7,29.1,23.1,13.9,24.9,27.2,-0.6,0.8,0.8,-1.6,1.8,-1.4,-0.8,-1,0.1,0.2,0.3,0.7,0.9,0.3,0.3,0.3,1.2,0.4
1991-01-01 00:00:00,-28.6,-28.3,-23.1,-26.1,-29.2,-25,-23.3,-28.4,-27.4,1.5,1,1.3,0.4,-1.1,1.7,-1,2.3,1,0.3,0.2,0.6,0.6,0.2,0.1,0.4,1.5,0.4
1991-02-01 00:00:00,-7.4,-8.5,-9.2,-9.7,-7.6,-6.1,-3.1,-3.3,-8.1,0,0.5,2.5,0.9,1,0.7,2.2,3.1,0.8,0.4,0,0.4,0.1,0.1,0.1,0.7,1.5,0.3
1991-03-01 00:00:00,9.6,8.1,5.8,11.5,8.7,11.2,14.6,13.5,8.8,1,-1.7,-2.8,-0.2,-0.7,2.8,5.2,1.8,-0.5,0.6,-0.1,0.2,-0.2,0.2,0.3,1,1.4,0.3
1991-04-01 00:00:00,-1.3,-1.9,-2.4,-3.3,-0.8,-7.4,-3.6,0.6,-1.9,1,-0.5,0.7,-1.5,1.1,-4.1,-3.2,0.9,0.2,0.8,-0.1,0,-0.2,0.5,0.6,1.1,1.2,0.3
1991-05-01 00:00:00,7.6,6.8,7.5,7.7,6.2,7.6,9.3,3.4,7.2,0.1,0.2,-0.7,0.8,-0.9,0.2,0.4,-1.2,-0.1,1,0.2,0.1,0.1,0.8,0.8,0.9,1,0.5
1991-06-01 00:00:00,-7.8,-7.9,-5.3,-9.9,-5.5,-6.3,1.2,-5.3,-7.2,-0.8,-0.2,0,-2,1.9,1.8,2.2,1,-0.2,1.1,0.5,0.4,0.3,1.2,0.7,0.6,1,0.8
1991-07-01 00:00:00,7.9,6.9,5.4,8,6.2,8.7,8,6.1,7.1,5.5,4.4,3,4.8,3.7,7.4,1.1,2.6,4.6,1.1,0.8,0.7,0.4,1.4,0.5,0.3,1,0.9
1991-08-01 00:00:00,1.8,0.5,2.7,0.8,2.8,0.1,0.8,2.6,1.6,0,-1.2,0.2,-1.1,0.7,-4,-0.1,2.5,-0.3,0.9,0.8,1,0.3,1.4,0.5,0.2,1.1,0.9
1991-09-01 00:00:00,-4.5,-6.1,-3.3,-6.3,-5,-8.6,-8.1,-5.3,-5,-1.5,-0.9,0.1,-1.4,-1,-2.3,-1.4,-2.2,-1.1,0.6,0.5,1,0,1.2,0.5,0.2,1,0.6
1991-10-01 00:00:00,9.6,13.1,8.4,10.4,12,9.8,5.3,12,10.5,2.4,2.5,1.5,1.4,3.3,1.2,0.7,3.7,2.2,0.2,0.1,0.8,-0.4,0.9,0.4,0.1,0.6,0.3
1991-11-01 00:00:00,3.2,1.1,2.4,2,3.1,5.1,-4.1,1.1,2.4,-1.1,-1.2,1.1,-1.6,-0.3,1,0.6,-0.6,-0.6,0.1,0,0.6,-0.7,0.8,0.4,0.2,0.2,0.2
1991-12-01 00:00:00,24.9,29,24.9,21.5,25.9,30.4,15.8,24.8,25.7,-1,0.2,0.2,-2.2,0.4,3.3,0.2,-1.4,-0.3,0.1,0.1,0.6,-0.6,1,0.7,0.5,-0.1,0.2
1992-01-01 00:00:00,-26.2,-27.7,-22.5,-23.9,-24.8,-23.8,-21.1,-27.5,-25.6,1.7,-1,-0.3,1.5,1.9,1.7,1.3,2.4,0.7,0.3,0.4,0.6,-0.2,1.3,0.9,0.8,0,0.5
1992-02-01 00:00:00,-4.5,-6.3,-9.1,-8.3,-5.7,-8.8,-1.7,-6.8,-6.3,0.4,0.7,0.8,-0.8,0.4,-4.1,0.6,-3.7,0.3,0.6,0.6,0.7,0.2,1.3,0.9,1.2,0.2,0.7
1992-03-01 00:00:00,3.2,6.4,4.6,5,4.4,3.4,6.5,9.7,4.6,0.7,2.6,1.6,0.7,2.6,2,0.9,2.8,1.6,0.6,0.6,0.6,0.3,1.1,0.7,1.6,0.5,0.6
1992-04-01 00:00:00,3.4,3.8,2.3,5.5,5.7,6.7,5,2.3,3.8,1.1,0.9,0.3,1.7,1.7,3.3,3.5,1.2,1.1,0.4,0.3,0.5,0.2,0.6,0.6,1.8,0.7,0.4
1992-05-01 00:00:00,1.6,0.9,2.6,0.1,1.9,0.7,4.5,2.6,1.6,-0.3,-0.6,0.5,-0.6,0.2,-0.2,0.4,1.1,-0.2,0.1,0,0.3,-0.1,0.3,0.6,1.8,0.9,0.2
1992-06-01 00:00:00,-4.9,-6.5,-1.6,-6.5,-7,-6.3,6.1,-1.8,-4.9,-0.5,-2,0.1,-1.6,-2.5,-0.9,3.3,1.2,-1,-0.2,-0.1,0.2,-0.4,0.4,0.6,1.5,1,0
1992-07-01 00:00:00,4,4.5,3.7,4.4,5,6.9,9.8,1.5,4.3,0.2,0.6,-0.1,-0.2,0.3,2.3,1.8,-1,0.3,-0.3,-0.2,0.2,-0.6,0.7,0.5,1.1,1,-0.1
1992-08-01 00:00:00,-5.4,-5.5,-4.3,-5.4,-3,-5,-4.8,-2.3,-4.9,-2.4,-0.9,-1,-1.6,1.5,-0.9,-1.4,1.5,-1.2,-0.4,0,0.4,-0.5,1.1,0.4,0.8,1,0
1992-09-01 00:00:00,3.9,3.8,4.7,2.8,5.6,1.8,-1.1,5.2,4,1.6,1.8,1.8,1.1,3,0,1.2,2.6,1.8,-0.4,0.4,0.6,-0.3,1.2,0.4,0.8,1,0.2
1992-10-01 00:00:00,5,9.9,6,7.5,11.9,7.9,2,6.4,7.3,-0.7,1.7,0.9,0.7,4.3,2,0.1,0.1,0.9,-0.3,0.7,0.8,0,1.1,0.5,0.9,1.1,0.3
1992-11-01 00:00:00,1.1,-2.2,-0.3,-1.6,-3.4,-0.5,-4.9,-0.3,-0.7,0.3,-0.2,1.9,-1,-1.5,-0.4,0.6,1.4,0.2,-0.2,0.8,0.7,0.3,0.8,0.6,1.1,0.9,0.4
1992-12-01 00:00:00,29.6,34.7,31,34.9,29.4,35,24.3,34.4,31.6,-1.9,-1.6,-0.3,0.9,-3.7,-0.3,4.2,1.2,-1.4,-0.2,0.7,0.5,0.5,0.4,0.6,1.3,0.9,0.3
1993-01-01 00:00:00,-29.6,-27.1,-26.7,-29,-27.6,-26.8,-25,-31.7,-28.2,0.7,4.8,-0.6,1,3.2,3.3,0.6,-0.3,1.8,0,0.6,0.2,0.5,0.3,0.4,1.2,0.9,0.3
1993-02-01 00:00:00,-6.1,-10.8,-10.3,-9.6,-7.2,-6.9,-3.7,-4.9,-8.4,0.9,-2.5,0.3,-0.6,0.9,-0.8,-0.5,0.7,-0.2,0.1,0.6,-0.1,0.6,0.6,0.4,0.7,0.9,0.3
1993-03-01 00:00:00,8.3,11.3,9.2,13.6,9.7,4.6,10.9,13.9,9.7,-0.5,1.3,0.3,2.3,1.5,-1.2,0.1,1.1,0.5,0,0.7,-0.3,0.6,1.1,0.2,0.1,0.9,0.3
1993-04-01 00:00:00,-0.9,2.2,-0.6,0.9,2.1,4.8,0.8,1,0.6,-0.6,1,-0.8,-0.3,0,1.4,0.9,1.4,0,-0.1,0.6,-0.4,0.6,1.6,0,-0.4,0.6,0.3
1993-05-01 00:00:00,3.8,0.3,0.5,0,3,-3.6,3.6,3.4,1.8,1.5,0.6,0.1,0.2,2.5,-1.3,0.1,3,1,-0.3,0.4,-0.2,0.5,1.6,0,-0.8,0.3,0.2
1993-06-01 00:00:00,-4,-1.5,-0.6,-1.3,-0.9,0.2,-1.2,-5.6,-2.2,-0.6,0.6,-0.6,1.4,2.1,2.1,-5.3,-3.6,0.1,-0.3,0.2,0,0.5,1.2,0.3,-0.6,0,0.1
1993-07-01 00:00:00,0.1,2.5,3.1,2.9,5.5,2.7,9.4,2.1,2.2,-2.8,0,0.5,-0.3,1.3,0.1,2.9,-0.1,-0.7,-0.1,0.2,0.5,0.6,0.8,0.8,-0.1,-0.1,0.2
1993-08-01 00:00:00,-2.6,-5.9,-3.1,-4.4,-5.8,-5.9,-3,-3.5,-4.1,1.3,-1.4,-0.1,0.1,-0.4,-2.6,-0.7,0.3,0,0.3,0.1,1.1,0.6,0.4,1.2,0.3,0.2,0.4
1993-09-01 00:00:00,5.7,3.5,8.6,5.2,4.6,8.4,0.2,3.6,5.5,1.2,0.5,4.1,1.8,-0.1,6.1,2.5,1,1.6,0.7,-0.1,1.4,0.8,0.3,1.3,0.7,0.8,0.6
1993-10-01 00:00:00,4.5,5,2.2,4.1,2,3.4,-1.6,6.6,3.8,2.1,-0.1,0.8,0.3,-1.4,0.5,-0.9,1.7,0.7,1.1,-0.1,1.5,0.9,0.5,1.2,0.8,1.3,0.8
1993-11-01 00:00:00,4,4,2.6,5.5,3.6,6.3,2.4,1.7,3.8,0.8,2.9,1.2,2.6,1.9,3.1,4.7,0.4,1.7,1.3,-0.2,1.4,0.9,0.7,0.9,0.7,1.5,0.9
1993-12-01 00:00:00,33.7,30.5,34.9,30.2,36.9,30,12.2,39.1,33,1.2,-3.8,3.1,-1.5,2.8,-3.1,-4.1,6.1,0.2,1.3,-0.2,1.2,0.8,0.9,0.5,0.4,1.2,0.8
1994-01-01 00:00:00,-29.8,-32,-29.8,-29.8,-31.1,-30.7,-25.1,-34.8,-30.5,0.3,-0.8,-3.1,1.1,-0.9,0.4,0.6,-3.8,-0.7,1,-0.2,1,0.5,0.9,0.2,0,0.6,0.6
1994-02-01 00:00:00,-6,-5.2,-7.4,-5.3,-4,-2.7,-1.1,-3.7,-5.6,1.4,2.4,2.7,3,3.6,1.8,1.6,1.2,2.2,0.7,-0.2,0.8,0.1,0.7,0,0,-0.1,0.4
1994-03-01 00:00:00,13.8,13.1,14.3,11.5,9,10.7,12.9,15,13,1.4,-0.4,2,-3.5,-1.9,-0.8,-0.7,0.1,0.2,0.6,-0.1,0.8,-0.1,0.4,-0.1,0.1,-0.6,0.3
1994-04-01 00:00:00,-6.6,-5.5,-5.2,-4.8,-4,-6.3,-3.5,-6.4,-5.6,-1,-1,0.3,0.8,-1.2,-0.8,0.4,-3,-0.7,0.5,0.2,0.8,-0.2,0.3,0.1,0.5,-0.7,0.4
1994-05-01 00:00:00,4.7,3,3.3,1.4,3.7,4.2,7.1,3.4,3.7,1,1.5,0.4,-0.4,1.7,2.1,1.2,1.7,1,0.6,0.5,0.8,-0.1,0.2,0.1,1.1,-0.4,0.5
1994-06-01 00:00:00,-0.8,-0.2,2.2,-0.6,0.3,-2.8,3.5,-3.2,-0.1,0.4,0.4,0.8,0.4,1.6,-1.1,-0.8,-1.1,0.5,0.7,0.8,0.9,0.2,0.4,-0.1,1.7,0.2,0.7
1994-07-01 00:00:00,0.4,-0.2,0.2,0.6,0.1,-1.4,9,-0.1,0.2,0.1,0,0.8,0.3,-0.4,-1.3,5,-1.1,0.1,0.8,0.9,0.9,0.5,0.5,-0.4,2,0.7,0.8
1994-08-01 00:00:00,2.7,1.6,2.7,0.6,-1.6,0.2,4.1,3.8,1.8,3.4,2.8,1.6,1.3,-0.5,1.3,3,5.1,2.3,0.7,0.9,0.8,0.7,0.4,-0.6,2.1,0.8,0.7
1994-09-01 00:00:00,1,2.5,3.3,2.5,5.4,1.2,-4.7,0.4,2.3,-0.6,0.8,0.6,1.2,2.5,-1.1,-0.9,-1.2,0.4,0.5,0.9,0.7,0.7,0.3,-0.7,1.7,0.6,0.6
1994-10-01 00:00:00,2.9,4.1,1.7,3.8,0.5,-1.8,4.6,6.2,2.7,-0.1,0.8,1.7,0.7,-1.8,-1.6,5.8,2.2,0.4,0.3,0.7,0.5,0.6,0.1,-0.7,1.2,0.4,0.4
1994-11-01 00:00:00,3.9,2.1,2,4.4,4.5,6,-3.2,0.2,3.1,-0.2,-1.3,-1,-0.7,1.2,-1.2,-2.5,-2.2,-0.6,0.1,0.7,0.3,0.5,-0.1,-0.3,0.7,0.2,0.3
1994-12-01 00:00:00,30.5,36,28,31.4,29.7,33.6,13,31.3,31.2,-0.4,1.6,-0.3,0.6,-1.5,1.8,-1.2,0.3,0.1,0.2,0.8,0.3,0.6,-0.1,0.2,0.5,0.2,0.4
1995-01-01 00:00:00,-29.4,-30.6,-26.3,-30.7,-29.2,-29.9,-23.2,-33.7,-29.2,1.3,1,0.8,0.7,1.4,0.3,2,-1.8,1,0.4,0.9,0.5,0.8,0,0.8,0.7,0.4,0.6
1995-02-01 00:00:00,-6.5,-4.8,-8.2,-5.6,-7.9,-4.2,-1,-0.1,-6.3,0.6,2.5,1.4,2.1,-0.9,1.1,1.8,4.9,1.2,0.7,1.1,0.9,1.1,0.2,1.3,1,0.7,0.8
1995-03-01 00:00:00,11.5,11.8,11.2,13.8,10.4,12.1,15,14.3,11.7,1,-0.3,0.5,0.9,0.4,2,2,0.4,0.6,0.8,1.1,1.1,1.2,0.4,1.6,1.4,0.9,1
1995-04-01 00:00:00,-1.3,-1.7,-2.5,-1.4,-1.2,-0.5,-3.8,-2.6,-1.6,1.5,1.5,1.9,0.9,1.4,2.3,-0.6,0.7,1.5,0.9,1,1.2,1.2,0.7,1.5,1.6,0.7,1
1995-05-01 00:00:00,3.4,2.7,5.9,4.1,6.1,1.8,11,2,4.1,-0.2,0.3,0.9,1.7,1.6,0.2,3.7,-1.6,0.5,0.9,0.8,1.1,1,0.9,1.1,1.5,0.5,0.9
1995-06-01 00:00:00,-2.2,-0.3,2.1,-2.6,-3.4,-1.1,3.8,-2.2,-1,0.9,1.4,2.7,0.1,-0.4,0.7,1.1,1.3,1.2,0.9,0.5,0.7,0.8,1.1,0.8,1.2,0.1,0.7
1995-07-01 00:00:00,2.5,-1.5,-3.7,0.3,0.6,-1,3.5,1.4,-0.1,1.1,-0.2,-2.6,0.4,1.2,2,-0.1,0.7,0.1,0.9,0.2,0.2,0.7,1.2,0.5,0.9,-0.1,0.6
1995-08-01 00:00:00,1.5,1.7,4,2.6,3.6,2.8,5.5,-2.1,2.3,1.4,0.1,0.8,0.8,2,-1.2,2,-1.5,0.9,1,0.1,-0.1,0.6,1.2,0.4,0.7,-0.1,0.5
1995-09-01 00:00:00,0.4,0.2,1,-0.3,1.6,-3.3,-7.4,1.6,0.4,0.3,0.6,0.2,0.3,1,-1.4,-1.2,0.8,0.4,1.1,0,-0.2,0.5,1.1,0.5,0.6,-0.1,0.5
1995-10-01 00:00:00,4.3,1.3,-1.1,3.3,3.5,6.3,1.9,3.8,2.4,1.8,-1.9,-1.2,0.8,1.1,3.7,1.3,0.5,0.3,1.1,0,-0.2,0.2,0.8,0.5,0.6,-0.2,0.5
1995-11-01 00:00:00,6.4,5.7,4.8,6.5,4.3,6.8,-0.5,2.2,5.6,0.3,0.7,0.3,0.1,-0.6,-0.5,0.4,-1.4,0.2,1,0.1,-0.1,-0.1,0.4,0.5,0.7,-0.2,0.4
1995-12-01 00:00:00,29,32.5,24.8,27.9,28.7,28.2,13.2,29.2,28.8,1.4,1.9,0.7,1,1.8,0.7,1.8,0.6,1.4,0.8,0.2,0,-0.3,0,0.3,0.8,-0.1,0.3
1996-01-01 00:00:00,-27.6,-29.1,-23.7,-31,-27.3,-27.3,-22.3,-30.5,-27.5,0.4,-0.4,-0.2,-3.7,-1.5,1.1,0,0.1,-0.4,0.6,0.3,0,-0.4,-0.2,0.1,0.7,0.2,0.2
1996-02-01 00:00:00,-3.9,-5.4,-7.2,-4.2,-5.6,-3.6,1.3,-2.8,-5,0.5,-0.7,0,0.6,-0.7,-2.2,0.8,-0.6,-0.1,0.5,0.3,0.1,-0.3,-0.2,-0.1,0.5,0.5,0.2
1996-03-01 00:00:00,4.9,6.4,4.1,7.3,2.7,3.9,7.4,9.6,5.1,0.1,0.3,0.2,0.5,-0.5,0.1,0.9,1.3,0.2,0.4,0.3,0.3,-0.1,0,-0.2,0,0.6,0.3
1996-04-01 00:00:00,-1.7,-0.9,-2.5,-1.7,0.5,-2.6,-2.8,0.2,-1.4,0.6,1.4,-0.4,0.3,1.2,-0.1,-1.7,2.5,0.7,0.4,0.3,0.5,0.2,0.2,-0.3,-0.5,0.7,0.3
1996-05-01 00:00:00,5,4.3,7.7,5.2,6.1,5.8,7.3,4.3,5.5,-0.6,-0.4,1,0.2,0,0.5,-0.8,-1.1,-0.1,0.4,0.2,0.6,0.3,0.2,-0.3,-0.9,0.5,0.3
1996-06-01 00:00:00,-4,-4.9,-3.9,-5.3,-6.3,-6.7,-0.3,-4.5,-4.6,1.8,0.8,1,1,1.2,0.5,0.3,2.3,1.3,0.3,0.2,0.6,0.1,0.2,-0.3,-1.2,0.3,0.3
1996-07-01 00:00:00,3.4,2.4,5.4,2,3.2,-1.5,3.1,-0.4,3.2,0.2,0.1,1.9,-1,0,-2.6,-3.6,-4.2,0.2,0.1,0.2,0.4,-0.3,0,-0.2,-1.2,0.1,0.1
1996-08-01 00:00:00,0.3,2,0.6,1.4,1.2,4.4,0.6,2.5,1,-0.2,0,-1.6,-0.3,-0.5,1.5,-0.9,3.4,-0.4,-0.1,0.2,0,-0.6,-0.3,0,-1,0.1,-0.1
1996-09-01 00:00:00,-3.5,-6,-2.7,-5.8,-7.2,-6.3,-6.6,-1.7,-4.6,-1,-1.5,0.7,-1.2,-3,-2,0.8,0.9,-1,-0.3,0.5,-0.2,-0.7,-0.2,0.3,-0.8,0.3,-0.1
1996-10-01 00:00:00,6,12.3,3.7,7.6,14,11.9,3.8,4.4,8,-0.4,3,-2.4,-1.9,3.7,3.1,-1.1,-3.1,0.4,-0.3,0.9,-0.2,-0.5,0.2,0.5,-0.6,0.5,0.1
1996-11-01 00:00:00,2.9,3.5,2.2,2.5,0.4,4.1,-4.2,5.8,2.6,0.1,1,1.2,-0.3,-1,0.8,0.3,3.1,0.4,-0.2,1.3,-0.1,-0.2,0.7,0.7,-0.5,0.5,0.3
1996-12-01 00:00:00,26.7,29.1,22,29.2,23.6,26.9,9.5,27.4,26.1,-0.3,1.4,-0.2,4.2,-0.1,0.8,-1.4,1.2,0.5,-0.1,1.4,0.2,0.1,1.1,0.7,-0.5,0.3,0.5
1997-01-01 00:00:00,-25.9,-24.8,-19.6,-27.6,-19.5,-25.5,-21.3,-28.6,-24,-0.3,1.4,1.2,-3.1,4.7,-1.1,-0.9,-0.3,0.7,0.1,1.3,0.5,0.2,1.2,0.5,-0.7,0,0.6
1997-02-01 00:00:00,-8.1,-9.1,-11.7,-9.6,-10.1,-7.4,-4.4,-7.9,-9.3,2.5,1.8,1.2,1.5,0.7,1.3,0.6,-0.3,1.8,0.2,1,0.6,0.2,1,0.4,-0.7,-0.1,0.5
1997-03-01 00:00:00,7.9,8.8,7.4,10,6.2,7.3,7.1,8.4,8,-0.8,-0.1,0.3,-0.1,-0.6,0.4,-2.2,-2.4,-0.4,0.2,0.5,0.6,0.3,0.5,0.4,-0.6,0.1,0.4
1997-04-01 00:00:00,-2.9,0.4,-1.8,0.5,0.4,0.7,3.4,-0.2,-1.1,-2.2,-0.6,-1.8,0,-0.3,0.4,0.8,0.4,-1.3,0.2,0.2,0.5,0.4,0.2,0.4,-0.2,0.4,0.3
1997-05-01 00:00:00,7.6,3.7,8.7,4.9,6.8,4.1,4.6,9,6.5,2.6,0.9,3,0.7,0.8,0.7,-0.9,3.7,1.9,0.2,0.2,0.4,0.6,0,0.5,0.2,0.7,0.3
1997-06-01 00:00:00,-6.7,-6.8,-6.5,-8.4,-10.1,-7.6,-0.9,-8.3,-7.2,0.1,-0.4,-0.6,-0.1,-1.1,0,0.3,-0.9,-0.3,0.3,0.2,0.4,0.9,0,0.6,0.6,0.9,0.3
1997-07-01 00:00:00,5.9,5,7.6,11.6,6.5,6.6,12.9,10.5,6.6,0.3,0.2,1.3,4,0.4,1.5,3.2,4.2,0.9,0.3,0.4,0.5,1,0.2,0.8,0.8,0.8,0.4
1997-08-01 00:00:00,-2.7,-0.6,-1.9,-3.8,-1.2,-1.8,-2.2,-5.8,-2,0.1,1.1,-0.4,-1.2,1,-0.5,-1.1,-2.6,0.2,0.4,0.6,0.6,1,0.4,0.7,0.8,0.6,0.5
1997-09-01 00:00:00,1.1,0.3,0.6,0.7,1.6,-0.3,-2.5,-1.1,0.8,0.3,1.2,0.4,1.5,1.5,1.4,2.5,-0.6,0.8,0.4,0.5,0.6,1.2,0.4,0.5,0.6,0.4,0.5
1997-10-01 00:00:00,5.3,7.6,6.9,8.6,7.2,8.2,2.5,8.8,6.7,-0.1,-0.4,1.3,0.8,-1,0.3,-1.1,1.3,0.1,0.4,0.3,0.6,1.2,0.4,0.1,0.4,0.3,0.5
1997-11-01 00:00:00,2.3,1,-1,2.5,-0.6,3.3,-5.4,2.2,1,1,0.8,0.9,1.3,0.3,1.7,0.2,1.5,0.9,0.3,0.1,0.6,1.2,0.4,-0.3,0.3,0.3,0.4
1997-12-01 00:00:00,30.1,30.1,27,27.4,27.9,23.9,13.9,28.4,28.8,0.5,-0.6,0.2,0.2,0.1,-3.2,0.5,-0.5,0,0.2,-0.1,0.6,1.1,0.3,-0.7,0.4,0.3,0.3
1998-01-01 00:00:00,-25.5,-27.4,-21.1,-21.6,-21.8,-27.4,-21.8,-28.2,-24.6,0.4,-0.8,0.5,5,2,-2.9,-0.6,0.8,0.6,0,-0.2,0.5,0.9,0.3,-1,0.5,0.1,0.1
1998-02-01 00:00:00,-11.7,-11,-12.5,-14,-12.4,-6.4,-2.5,-8.4,-11.7,-1,-0.1,0.5,-2.3,-1.2,2.2,2.5,-0.6,-0.5,-0.1,-0.1,0.4,0.7,0.4,-0.9,0.6,-0.1,0.1
1998-03-01 00:00:00,7.5,10,6.1,8.6,7.3,5.9,10.6,9,7.9,-0.8,1,-0.5,-1.4,1,-1.4,0.2,-0.9,-0.2,-0.2,0.2,0.4,0.4,0.5,-0.7,0.6,-0.2,0.1
1998-04-01 00:00:00,0.9,1.8,3,4.2,2.5,-0.1,2.7,0.9,1.9,0.2,0.3,1,2.7,0.6,-1,0.9,0.2,0.6,-0.2,0.5,0.5,0.2,0.5,-0.3,0.5,-0.1,0.2
1998-05-01 00:00:00,3.4,1.2,3.6,0.9,1.9,0.9,4.2,4.1,2.5,0.6,0.6,1.5,-0.4,-0.3,0.5,-0.3,0.5,0.6,-0.1,0.9,0.7,0.1,0.5,0,0.4,0.2,0.4
1998-06-01 00:00:00,-5.6,-4.3,-2.5,-4.7,-3.8,-5.2,0.7,-6.8,-4.4,-0.3,0.1,0.2,0.4,1.5,0,-0.3,-0.7,0.1,0.1,1.1,0.8,0.1,0.5,0.1,0.5,0.4,0.5
1998-07-01 00:00:00,6.5,9.1,6.3,5.7,5.4,5,8.3,10.7,7,0.6,3.3,0.6,-0.6,0.8,0.7,-0.3,3.1,1.2,0.2,1.1,0.8,0.1,0.5,0.1,0.6,0.4,0.5
1998-08-01 00:00:00,-4.9,-3,-2.4,-4.9,-3.5,-4.3,1.5,-7.2,-3.8,-0.8,0.7,1.1,-0.5,-0.2,-0.6,3.9,-1.8,0.1,0.1,1,0.6,0.1,0.5,0,0.6,0.3,0.5
1998-09-01 00:00:00,2.8,1.8,2.9,2.6,1.2,2.6,-4.6,2.1,2.3,0.7,0.9,0.8,0.9,-0.3,0.5,-2.1,1.5,0.7,0.2,0.8,0.5,0.1,0.5,0,0.7,0.1,0.4
1998-10-01 00:00:00,6.5,7.2,6.1,8.2,10.4,5.8,6,6.6,7.1,1,0.2,1.1,0.8,1.4,-0.1,4.1,-0.3,0.8,0.3,0.6,0.6,0.3,0.6,0.1,0.6,0.2,0.4
1998-11-01 00:00:00,-0.4,0.2,-3.9,-1.5,-1.7,0.9,-9.2,-1.5,-1.2,-0.6,0.1,-1.1,-0.7,1.2,0,-3,-1.8,-0.4,0.4,0.6,0.7,0.4,0.7,0.4,0.4,0.5,0.6
1998-12-01 00:00:00,29.6,31.8,28.5,31.6,29.5,30.7,15.6,32.3,30,-1.2,-0.2,-0.6,0.3,-0.7,-1.1,-0.1,1.9,-0.6,0.6,0.8,0.9,0.4,0.7,0.7,0.3,0.8,0.7
1999-01-01 00:00:00,-23.5,-26.1,-19.6,-26.3,-24.5,-25.1,-20.3,-27.3,-23.9,5,2.9,5.1,2.2,1.5,3.8,3.2,3,3.8,0.7,1,1,0.2,0.7,0.8,0.4,1,0.8
1999-02-01 00:00:00,-11.5,-9.2,-12.1,-11.5,-8.6,-6.5,-5.5,-7,-10.5,-1.7,0.8,-0.4,-1.2,0.7,0.7,-1.3,0,-0.5,0.8,1.2,0.9,-0.1,0.5,0.8,0.6,1,0.8
1999-03-01 00:00:00,10.6,13.6,11.2,13.7,10.6,10.4,13.5,14.5,11.8,0,1.1,1.3,0.3,1.5,0.3,1.1,2.4,0.8,0.6,1.1,0.7,-0.3,0.3,0.6,0.8,0.8,0.7
1999-04-01 00:00:00,0.8,-1.7,-2.3,-4.1,-3.7,-2.7,-0.7,-4.1,-1.4,2.7,1.2,-0.4,-1.6,-2.8,-0.2,-0.8,-2.5,0.6,0.5,1.1,0.4,-0.3,0.1,0.5,0.9,0.7,0.5
1999-05-01 00:00:00,2.2,1.8,0.5,0.6,3.4,-1.4,8.9,5,1.8,-0.3,0.8,-0.9,-0.1,2.4,-0.4,5.2,2,0.3,0.3,1,0.1,0,0.1,0.4,0.8,0.6,0.4
1999-06-01 00:00:00,-5.1,-2.4,0.9,-3.2,-4.6,-0.8,1.8,-4.9,-3,-0.4,0.4,1.4,-0.2,-1.1,0.5,-1.9,0,0.1,0.3,1,0,0.5,0.2,0.3,0.5,0.7,0.4
1999-07-01 00:00:00,4.7,6.3,3.9,9.2,5.6,3.4,7.5,10.5,5.5,-1.5,1.1,-1.2,2.5,0.4,1.1,0.6,2.9,-0.2,0.4,1,0.1,0.9,0.4,0.3,0.5,0.9,0.5
1999-08-01 00:00:00,-1.7,-2.7,-2.6,-3.4,-3.1,-2.1,-2.3,-6,-2.5,2.9,1.4,1.3,1.9,1.3,0.7,-0.4,0.2,1.9,0.5,1,0.3,1.1,0.6,0.2,0.6,1,0.7
1999-09-01 00:00:00,4,3.6,3.3,3,2.2,2,-2.1,1.3,3.4,1,1.6,0.6,0.6,0.1,0.1,0.7,-0.2,0.9,0.4,0.8,0.4,1,0.7,0,0.7,0.9,0.6
1999-10-01 00:00:00,3.2,4.2,2,4.8,8.2,1.9,1.8,7.2,3.9,-0.3,-0.6,-1,0.1,1.6,-2.1,1.2,1.8,-0.3,0.3,0.4,0.4,0.6,0.6,-0.3,0.8,0.8,0.4
1999-11-01 00:00:00,1.8,2.9,1.8,3.3,1.7,3,-2.6,2.7,2.2,0,0.9,2,0.6,0.7,0,2,0.8,0.7,0.1,-0.1,0.4,0.2,0.5,-0.6,0.9,0.6,0.2
1999-12-01 00:00:00,31.4,30.5,27.9,27.5,27,33.1,16.2,29.5,29.6,0.2,-1.2,-0.2,-1.4,-0.7,1.4,1.3,-0.1,-0.4,-0.2,-0.6,0.4,-0.1,0.5,-0.9,0.8,0.6,-0.1
2000-01-01 00:00:00,-29.2,-29.9,-24,-28,-26.9,-31.4,-24.3,-29.3,-28.1,-1.5,-0.9,0.9,1.6,-0.2,-3.4,-1.1,1.1,-0.5,-0.2,-0.8,0.4,-0.1,0.4,-0.9,0.6,0.7,-0.2
2000-02-01 00:00:00,-5.6,-7.8,-8.4,-6.9,-2.9,-1.8,0.3,-2.7,-6.3,0.8,-1.7,-0.9,-1.4,1.8,0.1,0.3,0.4,-0.2,0,-0.7,0.3,0.1,0.5,-0.7,0.4,1,-0.1
2000-03-01 00:00:00,7.6,9.5,7.1,10.6,6.5,5.5,9.2,9.1,8.1,0.4,0.2,0.5,0.7,0.5,-1.3,-0.1,0.5,0.3,0.3,-0.3,0.4,0.4,0.5,-0.4,0.2,1.1,0.1
2000-04-01 00:00:00,-2.8,-4.9,-0.9,-3.4,-2.6,-3.8,0.3,-0.6,-2.9,-0.4,-1.2,2.1,0.2,0.3,0.6,1.9,2.1,0.1,0.4,0,0.4,0.7,0.5,0,0.2,1.1,0.3
2000-05-01 00:00:00,4.9,5.3,2,4.2,2.9,1.5,5.1,6.9,4.2,1.6,3.1,-0.6,2.4,0.4,0.8,-0.7,3.6,1.5,0.4,0.3,0.4,0.7,0.5,0.3,0.2,0.9,0.4
2000-06-01 00:00:00,5.8,5.7,6.6,3.9,4,3.8,5.9,8.9,5.6,9.7,8.1,6.6,6,7,4.7,3.2,13.1,8.1,0.2,0.4,0.5,0.7,0.4,0.6,0.2,0.6,0.5
2000-07-01 00:00:00,-10.2,-11.7,-4.4,-8.9,-9.2,-5.8,0.1,-12.3,-9.2,-12.2,-13.3,-5.3,-10,-9.5,-3.3,-4,-15.8,-10.6,,,,,,,,,
2000-08-01 00:00:00,5.9,5.5,4.3,6.4,6.1,8,4.2,3.5,5.5,6.7,5.7,2.8,5.7,4.1,4.4,1.3,6.2,5.3,-0.1,0.5,0.4,0.6,-0.2,0.7,-0.2,0.4,0.4
2000-09-01 00:00:00,6.8,-0.3,-0.1,0.3,1.6,-0.2,-5.9,0.7,2.3,5,0.1,-0.3,0,1.9,0.9,-0.6,0.5,1.9,0,0.7,0.4,0.5,-0.5,0.7,-0.3,0.5,0.4
2000-10-01 00:00:00,-0.9,5.1,3.5,3.3,-0.5,3.5,-1.6,5.4,1.9,-3.3,1.2,1.7,0.7,-4.5,0.5,-0.9,2.4,-0.9,0.2,1,0.5,0.6,-0.6,0.8,-0.2,0.7,0.5
2000-11-01 00:00:00,2,6.7,2,8.4,4.3,8,-2.1,4.7,4,-1.4,1.7,-0.7,2.4,0.3,1.2,-0.3,0.4,0,0.5,1.3,0.6,0.8,-0.4,0.9,0,1,0.7
2000-12-01 00:00:00,30.5,30.9,24.8,26.9,24.8,26.3,12.7,27.1,28.4,1.6,2.6,0.3,1,0,0.4,1,0.5,1.3,0.9,1.5,0.9,1,-0.1,1,0.1,1.1,0.9
2001-01-01 00:00:00,-25.3,-27.7,-21.3,-28.2,-25.1,-25.7,-21.7,-27.6,-25.4,2,-0.2,1.7,-1.2,0.6,0.6,-0.3,1.5,1,1,1.3,1.1,1.1,0.2,1,0.4,1,1
2001-02-01 00:00:00,-9.2,-7.6,-10,-7.7,-7.7,-5,-4.1,-5.9,-8.5,0.9,2.2,2.4,2.5,1.4,2.5,1.2,0.6,1.7,1,1.1,1.2,1.2,0.3,0.9,0.6,0.8,1
2001-03-01 00:00:00,12,12.8,11.3,16,11.6,11.6,14.5,14.5,12.4,0.7,0.6,0.4,1.5,0.2,0.5,0.9,2,0.7,0.9,1,1.1,1.3,0.4,0.5,0.7,0.7,0.9
2001-04-01 00:00:00,-2,-3.4,-3.1,-3.6,-4.4,-5.3,-2.6,-4,-3,0.7,0.3,0.7,1.2,0.7,0.1,0.1,-0.4,0.6,0.7,0.9,0.8,1.2,0.4,0.1,0.6,0.7,0.7
2001-05-01 00:00:00,4.3,3.8,5.2,5.9,2.8,2.3,9.1,4,4.3,0.5,0.6,0.6,1.6,-2.5,-1.2,0.6,-0.3,0.3,0.4,0.8,0.4,1.1,0.4,-0.2,0.3,0.8,0.5
2001-06-01 00:00:00,-4.5,-1.3,-1.7,-3.6,-2,-3.5,2.6,-2.2,-2.7,-0.2,2,-0.2,0.1,2.3,-0.1,0.8,0.9,0.7,0.1,0.8,0.1,1,0.6,-0.4,0.2,0.9,0.4
2001-07-01 00:00:00,2.9,2.7,1.6,2.8,2.1,-2.6,3.5,5.6,2.5,0.5,0.5,-0.1,1.2,1.6,-1.2,-0.5,3.4,0.6,0.1,0.7,0,0.8,0.8,-0.3,0.2,0.9,0.4
2001-08-01 00:00:00,0.3,1.3,1.8,1.6,3.5,4.9,4.3,-0.6,1.4,-0.4,0.1,0.1,0.1,1.1,1.4,1,0,0.1,0.2,0.6,0.2,0.6,1.1,0.1,0.4,0.9,0.4
2001-09-01 00:00:00,-1.1,-3,-2.1,-1.6,-2.5,-3.3,-9.4,-1,-2.1,0,0.5,-0.1,1,0,-0.1,-2.9,0.9,0.2,0.4,0.6,0.5,0.7,1.3,0.5,0.7,0.9,0.6
2001-10-01 00:00:00,6.5,7.9,6.1,6.8,9.7,7.5,7.1,4.6,7.1,1.4,0.9,1.2,1,2.4,1.6,5.6,-0.5,1.3,0.6,0.6,0.8,0.8,1.3,0.9,0.9,0.7,0.7
2001-11-01 00:00:00,4.1,4.3,3.6,6.5,5.2,7.1,-1.7,4.8,4.4,0.3,0.1,1.4,0.4,1.3,0.6,1.1,1,0.6,0.7,0.7,0.9,0.9,1.1,1,1.1,0.6,0.8
2001-12-01 00:00:00,27,26.9,24.5,22.7,21.8,22.9,7.3,25,25.3,1.1,1.2,2.3,0.8,-0.1,0.7,-2.5,0.8,1.1,0.7,0.8,1,1,1,1.2,1.2,0.5,0.8
2002-01-01 00:00:00,-24.3,-24.6,-21.1,-23.4,-21.7,-20.7,-15.2,-25.8,-23.3,1.5,1.8,-0.6,1.9,2.3,2.6,5,1.4,1.3,0.6,0.9,1,1.1,0.9,1.3,1.2,0.5,0.8
2002-02-01 00:00:00,-11.7,-10.4,-13.2,-10.2,-10.6,-9.2,-7.8,-7.2,-11.2,-1,-0.4,0.3,1.1,-0.1,0.2,-1.3,-0.2,-0.3,0.5,0.9,0.9,1,0.7,1.3,1.1,0.5,0.7
2002-03-01 00:00:00,10.8,12.4,12,14.3,10.5,11.5,13.1,10.8,11.7,0,1.3,1.5,0.7,0.4,0.8,1.2,-0.9,0.7,0.4,0.9,0.8,0.8,0.5,1.2,0.9,0.4,0.6
2002-04-01 00:00:00,-1.3,-2,-2.7,-3.8,-3.2,-3.6,2.1,-1.7,-2.1,1.1,1.2,0.4,0.1,-0.3,1.5,2.1,1.7,0.8,0.5,0.8,0.7,0.7,0.2,0.9,0.7,0.3,0.6
2002-05-01 00:00:00,6.4,5,7.2,5.8,6.1,6.3,7.7,5.3,6.1,1.9,0.7,2.5,1.3,1.5,2.4,0.2,0.8,1.6,0.6,0.6,0.7,0.6,0,0.4,0.4,0.1,0.5
2002-06-01 00:00:00,-6.5,-4.4,-3.4,-5.5,-5,-5.9,0.7,-4.1,-5,-1.6,0.1,-1.2,-0.4,-0.1,-0.9,0.1,-1.1,-0.8,0.7,0.5,0.7,0.5,-0.2,0,0,0.1,0.5
2002-07-01 00:00:00,4.6,3,3.6,3.2,-0.2,-1.3,4.6,-2,3.1,2.1,0.4,0.7,0.5,-2,-2.7,-1.8,-3.4,0.6,0.7,0.3,0.6,0.6,-0.1,-0.2,-0.4,0.1,0.5
2002-08-01 00:00:00,2.6,1.4,2.1,3.2,4.5,3.1,2.2,4.1,2.5,1.2,0.6,0.5,1.8,1.4,0.8,0,3.6,1,0.7,0.3,0.6,0.6,0.3,-0.1,-0.5,0.2,0.5
2002-09-01 00:00:00,-2.1,-3.1,-1.3,-3.1,-6,-4.2,-7.5,-3.6,-2.8,-0.1,0.3,1.8,0.6,-1.3,0.3,0.6,-0.1,0.3,0.5,0.3,0.7,0.6,0.6,0.1,-0.4,0.2,0.5
2002-10-01 00:00:00,5.8,6.5,6.4,7,13.6,10.6,0.9,8,7.1,-0.5,-1.4,-0.7,-1,3.1,1,-2.5,1.6,-0.4,0.4,0.4,0.7,0.4,0.9,0.4,-0.1,0.3,0.5
2002-11-01 00:00:00,4.8,5.5,2.7,6.1,3.6,4.8,-1.7,5.2,4.5,1.9,2.8,2.1,1.6,1.6,1.3,2.3,1.3,2.1,0.2,0.4,0.6,0.1,0.9,0.6,0.3,0.4,0.4
2002-12-01 00:00:00,24.1,25.5,21.7,21.7,22.6,23.9,9,20.1,23.5,-0.6,-0.2,-0.1,-0.2,0.8,0.5,-0.2,-1.6,-0.2,0.2,0.5,0.5,0,0.8,0.7,0.5,0.6,0.4
2003-01-01 00:00:00,-24.6,-24.5,-19.7,-24.4,-23.2,-22.5,-16.8,-25.5,-23.4,-0.2,0.5,0.9,-0.9,-0.3,-0.7,1.8,0,0.1,0.2,0.6,0.5,0.1,0.5,0.7,0.5,0.8,0.4
2003-02-01 00:00:00,-11,-10.4,-14.6,-11.8,-11.6,-9.6,-7.1,-5,-11.5,0.5,0.2,-1,0.2,-1,0.8,-0.1,2.8,0,0.3,0.6,0.5,0.3,0.2,0.6,0.3,0.9,0.4
2003-03-01 00:00:00,9.8,10.7,9.7,11,9.7,9.7,11.3,11.5,10.1,0.1,0.9,1.1,0.3,1.3,1.8,0.2,1.2,0.7,0.3,0.6,0.7,0.4,0.2,0.7,0.1,0.9,0.5
2003-04-01 00:00:00,0.7,-1,2,1.4,0.1,0.3,0.1,-0.9,0.4,1.4,0.6,1.9,1.6,0,0.8,-1.2,0.3,1.1,0.4,0.6,0.9,0.4,0.4,0.9,0,0.8,0.6
2003-05-01 00:00:00,3.4,4.8,4.2,3.3,4.9,2.7,7.7,4.5,4.1,-0.1,1.4,0.9,0.6,1.1,1.2,0.6,0.5,0.7,0.6,0.6,1.1,0.2,0.6,1.2,0.1,0.6,0.7
2003-06-01 00:00:00,-4.3,-4.8,-2.9,-5.3,-6.3,-6.5,-0.9,-3.2,-4.4,0.3,-1,0.2,0.2,0,-0.8,-0.7,0.4,-0.1,0.8,0.8,1.3,0.1,0.8,1.4,0.4,0.2,0.8
2003-07-01 00:00:00,3.9,5.4,7.9,3.1,7.1,8.6,11.2,0.6,5.4,1,2.6,2.4,-1.3,1.9,3.9,2.5,-1.5,1.6,1,0.8,1.4,0.1,0.7,1.6,0.8,-0.1,0.9
2003-08-01 00:00:00,0.5,-1.5,-0.5,-2,-0.5,-0.6,0.8,0.6,-0.5,1.4,-0.2,0.6,-0.5,0.9,1.2,1.3,1,0.6,1.1,0.9,1.5,0.3,0.6,1.6,1.1,-0.2,1
2003-09-01 00:00:00,1.9,0.2,2.1,-0.3,-1.4,0.5,-5.7,-0.7,0.9,1,1.3,2.5,0.9,-0.3,2,-0.2,1.2,1.3,1,0.9,1.5,0.6,0.7,1.6,1.1,-0.2,1
2003-10-01 00:00:00,7.2,9.5,7.2,11,8.3,9.5,4.2,2.1,8.1,1.2,1.1,1.2,2.8,0,0.8,1.8,-3.5,1.1,0.8,1,1.4,0.9,0.7,1.3,0.9,-0.1,1
2003-11-01 00:00:00,2.4,1.8,0.3,2.4,1.9,2.7,-3.8,4.4,1.8,1.1,1.3,1.3,1.1,1.4,1.6,1.8,1.9,1.2,0.5,1.1,1.1,1,0.8,1,0.5,0,0.8
2003-12-01 00:00:00,24.8,27.5,24.4,25.5,25.7,26.1,10.8,24.2,25.4,-1.4,0.2,0.5,-0.2,1,-0.2,-1.3,0.4,-0.2,0.2,1,0.7,0.9,0.9,0.6,0.2,0,0.6
2004-01-01 00:00:00,-24.1,-24.4,-20.1,-23.2,-21,-21,-19.1,-25.3,-23,0.3,1.1,0.7,1.4,3,1.6,-0.1,-0.4,1,0.1,0.7,0.5,0.7,0.9,0.3,0.2,0.1,0.5
2004-02-01 00:00:00,-9.1,-6.2,-11.5,-10.3,-10.7,-10,-3.9,-5.6,-9,0,1,0.1,-0.6,-1.7,-1.8,1.1,0.1,0.1,0.1,0.4,0.5,0.6,0.9,0.3,0.5,0.1,0.4
2004-03-01 00:00:00,7.4,7.8,6.1,10.5,7.3,7.6,7,7.1,7.5,0.8,1.2,-0.3,1.4,1.2,1.4,-1.9,0.5,0.7,0.2,0.1,0.6,0.5,0.8,0.4,0.9,0.1,0.3
2004-04-01 00:00:00,-0.1,-2.9,1.1,-0.1,2.3,0,5,-1.5,-0.3,-0.3,-2.2,1.4,0.2,1.1,0.8,4,-0.8,-0.2,0.4,-0.1,0.7,0.5,0.7,0.4,1.1,0.1,0.4
2004-05-01 00:00:00,2.1,-0.2,1.8,-1,-0.1,-3.1,5.5,2.6,0.9,1.2,-0.6,1.4,0.5,0.4,-0.2,1,0.5,0.6,0.5,-0.1,0.9,0.5,0.8,0.5,1.2,0.1,0.4
2004-06-01 00:00:00,-2,-0.6,2.9,1,0.1,1.3,7.6,-0.1,0,0.4,1.1,1.6,1,1.6,1.8,3.7,0.4,1,0.4,0.1,0.8,0.5,0.9,0.4,0.9,0.1,0.5
2004-07-01 00:00:00,3.3,2.5,3.2,3.1,5.2,3.5,4,1.5,3.2,0.3,0.1,-1.3,-0.1,0.9,-0.1,-3.2,0.2,-0.1,0.3,0.4,0.6,0.4,0.9,0.3,0.5,0.1,0.4
2004-08-01 00:00:00,-3.1,-1.6,-2,-4.7,-4.2,-5.7,-2.6,-3.1,-2.8,-0.7,0.7,0.6,-0.6,-0.5,-1.8,-0.2,-0.6,-0.1,0.1,0.5,0.3,0.3,0.8,0.2,0,0.1,0.3
2004-09-01 00:00:00,3.5,2.3,3.7,3,4.6,4.3,-1.6,0.4,3.2,1,1.5,2.6,1.7,2.8,2.7,1.6,0.5,1.7,0.1,0.4,-0.1,0.2,0.5,0.3,-0.2,0.1,0.2
2004-10-01 00:00:00,3.7,5.4,0.9,5,4,5,-0.9,6.1,3.7,-0.5,-0.3,-2.9,-0.5,-1.3,-0.3,-0.5,0.6,-1,0.1,0.2,-0.2,0.3,0.3,0.4,-0.1,0.1,0.1
2004-11-01 00:00:00,2.5,1.2,0.3,3.1,2,2,-4.6,0.5,1.6,0.1,-0.8,0,0.2,0.2,-0.6,-0.4,-1.2,-0.2,0.1,-0.1,-0.2,0.3,0.1,0.5,0.2,0,0
2004-12-01 00:00:00,26.7,28.7,23.9,27.7,27.3,29.9,13.3,26.7,26.7,-0.3,0.2,-0.7,0.3,0.7,1,-0.2,1.6,0,0.1,-0.2,-0.1,0.1,-0.1,0.6,0.5,0,0
2005-01-01 00:00:00,-25,-28.5,-22.2,-27.3,-27.6,-24.2,-20.9,-26.4,-25.8,0.9,-1.6,1.5,-0.2,-1.4,2,0.7,-0.4,0.1,0,-0.1,0,0,0,0.5,0.5,-0.1,0
2005-02-01 00:00:00,-10.4,-6.7,-11.5,-8.4,-7.8,-7.9,-2,-7.6,-9.1,0.3,2.1,0.5,0.9,1,-0.2,3.5,-0.4,0.9,0,0.2,0.1,-0.2,0.2,0.2,0.3,0,0.1
2005-03-01 00:00:00,10.2,10.3,10.5,12.5,10.6,10.2,10.5,9.9,10.5,-0.3,-0.3,-0.3,0,-0.2,-0.4,-1.4,-0.4,-0.3,-0.1,0.4,0.2,-0.2,0.5,0.1,0,0.2,0.2
2005-04-01 00:00:00,-3.1,-1.9,-2.8,-5.2,-0.4,-4.5,-0.7,-0.5,-2.6,-1.9,0,-0.4,-3.4,1.2,-0.4,-1.6,0.1,-0.8,0,0.6,0.2,0,0.8,0.2,-0.2,0.5,0.3
2005-05-01 00:00:00,2,3.1,0.7,0.8,0.9,-1.4,2.9,2.5,1.7,1.3,2,-0.2,2.1,1,0.6,-0.8,1.8,1.2,0.1,0.5,0.2,0.2,0.9,0.4,-0.2,0.8,0.3
2005-06-01 00:00:00,0.8,-0.5,2.7,1.5,1.8,0.7,6,1.6,1.1,1.3,0.2,0.9,1,1.6,0.3,0.9,1.1,0.9,0.2,0.3,0.3,0.3,0.9,0.7,-0.2,1,0.4
2005-07-01 00:00:00,0.4,-0.8,4.1,2.6,1.2,3.8,4.6,1.3,1.2,-0.5,-1.1,0.8,1.1,-0.3,2.2,-0.6,1,-0.2,0.3,0.1,0.5,0.3,0.7,0.9,-0.1,0.9,0.4
2005-08-01 00:00:00,-0.3,-0.5,0.1,-1.8,0.4,0.1,2.1,-0.4,-0.3,0.6,0.5,0.7,-0.2,1.6,1.1,1.9,1.2,0.7,0.4,-0.2,0.6,0.2,0.4,1.1,0,0.8,0.3
2005-09-01 00:00:00,1.9,0.8,0.4,0.3,0.3,0.8,-4.6,0.2,0.9,0.2,-0.1,-0.1,-0.1,-0.9,0.5,-0.2,0.3,0,0.3,-0.3,0.7,0.1,0.3,1,0.1,0.5,0.2
2005-10-01 00:00:00,4,3.6,3.8,2.1,4,4.6,-2.4,3.2,3.7,-0.1,-0.7,1.2,-1.4,0.1,0.9,-1.5,-1.1,-0.1,0.3,-0.2,0.7,-0.1,0.3,1,0,0.4,0.2
2005-11-01 00:00:00,3.6,3.1,1.7,5.6,3.9,5.2,-4,4.7,3.2,1,0,0.1,0.5,0.8,0.4,-0.7,1.4,0.5,0.3,0,0.6,0,0.5,1,-0.1,0.3,0.3
2005-12-01 00:00:00,26.7,27.5,26.1,27.2,27.8,28.6,15.3,24.5,26.8,-0.4,0.3,1.3,0.8,0.9,0.9,1.3,0.1,0.4,0.4,0.4,0.6,0.3,0.7,0.8,0.2,0.2,0.5
2006-01-01 00:00:00,-25.5,-25.9,-23.8,-26.3,-27.3,-24.7,-21.3,-25.6,-25.5,0.8,1.1,0,0.7,0.3,1.9,1.6,1.7,0.7,0.5,0.8,0.6,0.6,0.9,0.6,0.6,0.2,0.6
2006-02-01 00:00:00,-9.7,-7.9,-10.8,-8.4,-6,-7.3,-4.7,-8.5,-8.9,0.5,1,1.1,0.7,2.2,-0.2,-0.2,-1.7,0.9,0.6,1,0.5,0.8,1,0.4,1.2,0.2,0.7
2006-03-01 00:00:00,11.3,12.8,10.6,12.6,10.4,11.3,12.8,10.6,11.5,0.8,1,0,-0.2,0,0.8,0.1,0.1,0.5,0.6,1.2,0.5,0.8,1,0.1,1.6,0.2,0.8
2006-04-01 00:00:00,-1,-1.3,-2.9,-1.9,-0.7,-6.7,2.6,0.2,-1.6,0.7,2.4,0.1,2.6,1.2,-1.4,4.2,1.7,1.2,0.6,1,0.5,0.7,0.8,0,1.8,0.3,0.7
2006-05-01 00:00:00,1.7,1.8,3.5,1.6,2.5,0.1,9.3,1,2.2,0.4,-0.2,1,-0.3,1.1,-0.8,2.4,-0.7,0.4,0.5,0.8,0.6,0.6,0.8,0,1.7,0.5,0.6
2006-06-01 00:00:00,0.2,0.8,2.7,0.2,0.1,0.6,4.6,2.6,0.9,0.8,0.8,1.1,0.1,0.3,1.3,0.5,2,0.8,0.4,0.6,0.6,0.7,0.8,0.1,1.4,0.7,0.6
2006-07-01 00:00:00,0.7,-1.5,2.6,0.5,1.6,1.4,6.3,-1.2,0.7,0.1,-0.3,0.3,0.8,0.8,0.7,1.2,0.1,0.2,0.3,0.4,0.5,0.7,0.8,0.3,1,0.9,0.5
2006-08-01 00:00:00,0,1.9,1.9,1.8,1,1,0.9,0.6,1.2,-0.1,0.8,0.6,1.2,0.3,-0.2,-0.2,0.7,0.4,0.3,0.3,0.4,0.7,0.9,0.3,0.7,0.9,0.4
2006-09-01 00:00:00,0.7,-1.3,-1.2,-0.6,0.9,-0.7,-4.9,1.5,-0.3,0.4,0.3,-0.2,0.3,1.7,0.9,0.8,1.2,0.4,0.3,0.3,0.3,0.6,1,0.2,0.6,0.8,0.4
2006-10-01 00:00:00,4.6,6.9,3.1,5.7,5.3,3.5,-0.2,4.3,4.9,0.8,1.2,0.7,1.8,1.7,-0.3,0.9,1.4,1,0.3,0.4,0.4,0.7,1.1,0.1,0.7,0.7,0.5
2006-11-01 00:00:00,4.1,3.7,2.4,4.5,4.9,5.4,-1.7,4.4,3.8,0.1,-0.4,0.6,-0.3,0.4,-0.3,0.3,0.5,0.1,0.5,0.5,0.6,0.7,1.2,0.1,0.9,0.6,0.6
2006-12-01 00:00:00,25.8,25,22.2,23.7,24.4,24,13.3,23.9,24.4,0.6,0.2,-0.3,-0.3,1.1,-0.1,2.1,-0.3,0.3,0.7,0.5,0.8,0.7,1.2,0.2,0.9,0.5,0.7
2007-01-01 00:00:00,-24.5,-25.2,-21.1,-23.2,-24.3,-23,-20.3,-26.9,-23.9,0.5,1,1.9,1.6,1.6,1.1,0.3,-0.8,1.1,0.7,0.4,1,0.7,1.1,0.5,0.8,0.6,0.7
2007-02-01 00:00:00,-9.5,-8.4,-10.7,-9,-7.6,-7.2,-4.5,-5.3,-9,1.2,0.7,1.6,1.5,1.2,0.9,0.8,2.1,1.2,0.6,0.3,1.1,0.6,1,0.8,0.8,0.6,0.7
2007-03-01 00:00:00,12.9,12.4,13.5,14.3,12.5,11.8,14.4,13.9,13,1.8,0.6,1.4,1.2,1.1,1.1,0.9,2.1,1.3,0.6,0.2,1.1,0.5,0.7,1.1,0.8,0.7,0.6
2007-04-01 00:00:00,-4.1,-4.6,-4.8,-7.6,-3.8,-6.3,-3.2,-4.8,-4.6,-1,-1,0.3,-1.9,-0.2,0.4,-0.6,-1.2,-0.7,0.6,0.2,1.1,0.4,0.5,1.2,0.8,0.6,0.6
2007-05-01 00:00:00,2.5,2.6,4.9,4.9,4.3,4.7,10.3,5.1,3.5,-0.3,-0.3,0.1,0.7,0.2,1.8,2.1,1.1,0,0.7,0.2,1,0.3,0.3,1,0.8,0.5,0.6
2007-06-01 00:00:00,0.1,-0.4,2.9,0.6,-1.5,-0.2,5,1.9,0.5,1.5,1.4,2.5,1.4,0.5,1.9,2.2,1.2,1.6,0.8,0.4,1,0.3,0.3,0.7,0.8,0.4,0.6
2007-07-01 00:00:00,2,0.5,3.6,-0.4,0.6,-0.3,4.3,-4.8,1.5,1.9,0.5,0.8,-0.4,0,-1.2,-0.9,-1.9,0.8,0.9,0.6,1,0.5,0.4,0.3,0.9,0.3,0.7
2007-08-01 00:00:00,2,2.8,1.2,2,2,3.3,2.3,2.9,2.1,0.6,0.9,-0.2,1.1,0.6,0.7,0.8,1.9,0.6,0.9,0.8,1,0.8,0.5,0.1,1.1,0.2,0.8
2007-09-01 00:00:00,0,-2.3,-0.4,-2.5,-1,-5.3,-5.9,-0.6,-1.1,1,0.8,1.9,1,1.2,-0.8,1.2,0.3,1.1,0.7,0.8,0.8,1,0.5,0,1.3,0.1,0.7
2007-10-01 00:00:00,4.5,6.4,4.3,9,4.7,6.9,2.5,4.4,5.3,-0.2,0.3,0.6,1.5,-0.6,-0.6,1.6,0.1,0.2,0.4,0.8,0.7,1.2,0.3,0,1.2,0.1,0.6
2007-11-01 00:00:00,4.2,5.6,2.1,4.5,5.3,5.3,-1.2,3.1,4.2,-0.1,0.9,0.5,0.8,1.8,0.8,1.6,-0.7,0.6,0.1,0.6,0.4,1.1,0,0.1,1,0.1,0.4
2007-12-01 00:00:00,25.3,24.8,21,23,21.2,23.8,14.5,21.8,23.4,0.6,0.8,-0.1,1.1,-0.7,1.6,3.1,-0.2,0.4,-0.1,0.5,0.3,1,-0.1,0.2,0.8,0.2,0.2
2008-01-01 00:00:00,-25,-24.3,-21.1,-20.9,-24.9,-22.7,-22.4,-24.3,-23.6,-1.1,0.9,0,1.8,-1.7,-0.4,-3,0.7,-0.2,-0.1,0.3,0.1,0.9,-0.2,0.3,0.5,0.3,0.1
2008-02-01 00:00:00,-7.9,-7.6,-9.3,-7.1,-6.7,-5.5,-1.9,-3,-7.7,0.4,-1.1,0.2,0.3,-0.3,-1.2,0.4,1.1,-0.1,-0.1,0.1,0,0.7,0,0.4,0.4,0.3,0
2008-03-01 00:00:00,5.7,6,6.7,5.3,6.8,4.3,7.3,6,6.1,0,0.5,0.5,-0.4,1.4,0.6,0.1,-0.3,0.4,-0.1,-0.1,0,0.7,0.3,0.5,0.5,0.2,0
2008-04-01 00:00:00,-1.8,-1.2,-2.9,-0.6,0.3,-1.7,3.6,-1.2,-1.5,0.1,-0.3,-0.6,1,1.4,2,2.9,0.5,0.1,-0.2,-0.2,0.1,0.7,0.6,0.7,0.8,0,0.1
2008-05-01 00:00:00,3.2,3.2,4.5,3.6,4,4,7.9,3.7,3.7,-0.3,0.4,0.2,1,-0.1,1,0.5,-0.1,0.1,-0.3,-0.1,0.2,0.8,0.8,0.8,1.1,-0.2,0.1
2008-06-01 00:00:00,-3.8,-4.5,-3,-3.2,-4.7,-5.9,0.9,-4.2,-3.9,-0.6,-1.7,-0.7,1.2,0.2,-0.2,0.6,-1.7,-0.7,-0.4,0,0.3,0.8,0.7,0.7,1.3,-0.4,0.1
2008-07-01 00:00:00,2.3,4,9.5,6.4,7.3,7.5,10.6,0.6,5.2,-0.2,2.3,3,1.3,2.3,1.6,1.6,0.7,1.6,-0.4,0.3,0.4,0.7,0.4,0.7,1.3,-0.3,0.1
2008-08-01 00:00:00,-0.9,-0.1,-1.2,-2.1,-2.6,-1.1,0.1,-0.3,-1,-0.4,0.1,-0.7,-0.3,-1.2,-0.1,1.5,-1,-0.4,-0.3,0.4,0.5,0.5,0,0.5,1.3,-0.1,0.2
2008-09-01 00:00:00,-1.4,-2.3,-1.4,-1.6,-1.5,-2.6,-4,-1.8,-1.7,-1.1,-0.6,0,0.2,-0.1,0,1.5,0.6,-0.4,0,0.5,0.5,0.2,-0.2,0.4,1.2,0.3,0.2
2008-10-01 00:00:00,7.3,9.2,4.7,8.1,5.6,9.2,1.3,8,7,1.6,1.7,0.7,0.2,-0.9,0.7,0.4,1.5,1,0.4,0.7,0.4,0,-0.3,0.4,1.3,0.5,0.4
2008-11-01 00:00:00,3.2,2.6,0.2,0.2,0.4,1.5,-2.9,3.4,1.7,0.4,0.7,0.2,-0.5,-0.3,0.6,1.6,-0.1,0.3,0.7,0.7,0.4,0,-0.3,0.5,1.3,0.7,0.5
2008-12-01 00:00:00,30.1,30.3,28.1,29.4,28.3,31.8,18.8,25.6,29.3,4.1,3.9,4.3,4.1,3.9,5.4,5.4,3.9,4.1,1,0.8,0.5,0,-0.2,0.6,1.2,0.7,0.6
2009-01-01 00:00:00,-22.5,-24.5,-21.6,-23.3,-23.2,-24.6,-20.8,-23.8,-23,0.8,-0.4,-0.8,-1.3,-1,-3.1,-1.6,-0.4,-0.3,1,0.7,0.6,0.1,0,0.6,0.8,0.6,0.7
2009-02-01 00:00:00,-13.4,-11.9,-15,-13.6,-12.7,-9,-6.8,-9.2,-13.1,-1,-0.9,-1.9,-1.9,-2,-0.2,-0.6,-0.5,-1.3,1,0.7,0.6,0.2,0.2,0.6,0.4,0.5,0.7
2009-03-01 00:00:00,10.8,13.2,13.9,13,11.5,10.3,15.6,10.6,12.3,2.1,2.6,3.5,2.3,2.7,3.3,3.9,0.5,2.6,0.8,0.6,0.5,0.3,0.3,0.6,0.1,0.5,0.6
2009-04-01 00:00:00,0.8,-0.7,-1.1,-1.1,-1.2,-0.9,-2.4,0.3,-0.4,0.8,0.1,0.2,0.4,-1.7,0.4,-3.1,1.4,0.1,0.6,0.5,0.4,0.3,0.5,0.5,-0.2,0.6,0.5
2009-05-01 00:00:00,2.6,1.7,3.8,2.8,5,0.4,5.8,4.9,2.9,0.8,0.2,1.1,1.2,3.1,0.5,0.8,1.3,1,0.5,0.4,0.3,0.2,0.5,0.4,-0.2,0.6,0.4
2009-06-01 00:00:00,-2.4,-2.8,-2.1,-2.8,-2.9,-4.1,1.4,-3.2,-2.5,-0.1,-0.3,-1.6,-0.7,0,-0.8,-1.6,-0.7,-0.5,0.4,0.3,0.2,0.2,0.5,0.4,0,0.6,0.3
2009-07-01 00:00:00,1.5,1.7,4,2,3.3,4.9,8.8,-0.3,2.4,-1.2,-1.1,-1.5,-1.9,-1,-0.9,0.7,-0.2,-1.2,0.5,0.3,0.1,0.1,0.5,0.5,0.4,0.6,0.4
2009-08-01 00:00:00,-0.4,-1.1,-0.4,-3.1,-2.6,-2.2,-1.6,0,-1.1,0.5,0.4,0.7,0,-0.6,0.4,0,0.4,0.3,0.8,0.3,0.2,0.2,0.5,0.5,0.7,0.5,0.5
2009-09-01 00:00:00,-0.2,-0.5,-1.2,-0.2,-0.9,-1.3,-6,-1.1,-0.7,-0.2,0.6,-0.3,-0.3,-0.5,0.2,-0.2,-0.4,-0.1,0.9,0.4,0.2,0.3,0.5,0.4,0.9,0.4,0.5
2009-10-01 00:00:00,7.9,5.9,4.6,7.4,8.2,9.7,4.1,5.5,6.6,1.8,-1.2,0.4,0.3,1.4,1.3,2.4,-0.5,0.5,0.8,0.4,0.2,0.3,0.4,0.2,0.7,0.3,0.5
2009-11-01 00:00:00,4.6,4.9,-0.9,2.9,0.2,0,-4.7,3.9,2.7,2.2,2.9,0.5,3.3,1.3,-0.5,0.5,2.3,1.9,0.6,0.4,0.1,0.3,0.4,-0.1,0.5,0.3,0.4
2009-12-01 00:00:00,25.1,24.7,24.4,22.1,25.9,24.8,13.6,22.6,24.6,-0.5,-1.3,0,-3.1,0.1,-0.7,0.1,-0.5,-0.7,0.2,0.4,0,0.3,0.4,-0.2,0.5,0.3,0.2
2010-01-01 00:00:00,-24.6,-24.6,-22.4,-21.5,-23.4,-24.4,-21.7,-23.6,-23.8,-0.5,1.4,-0.2,2.4,0.2,-1.3,-1.1,0.2,0.3,0,0.4,-0.1,0.4,0.3,-0.2,0.4,0.3,0.1
2010-02-01 00:00:00,-13.5,-10.7,-12.9,-12.4,-10.6,-6.3,-3.4,-8.8,-11.9,-1.8,-0.2,-0.4,-1.3,-0.4,1.1,1.3,-0.1,-0.8,-0.1,0.4,-0.2,0.5,0.2,-0.2,0.5,0.3,0.1
2010-03-01 00:00:00,12,11.7,11.2,14.6,10.9,9.3,13.6,12.5,11.8,1.5,-0.4,-1,0.4,0.1,-0.5,0.5,0.9,0.2,0,0.4,-0.1,0.5,0,-0.1,0.4,0.3,0.2
2010-04-01 00:00:00,-3.2,-1.5,-2.4,-2.6,-1.5,-4.8,0.7,-2.9,-2.4,0,1.6,1.5,3.3,1.1,0.7,2,0.3,1.1,0.3,0.5,0.1,0.5,0,-0.1,0.4,0.2,0.3
2010-05-01 00:00:00,4.1,2,2.6,1,1.4,0.3,4.3,2.9,2.6,1.3,0.3,-0.6,-0.8,-0.8,-0.1,-1.1,-0.5,0.2,0.6,0.7,0.3,0.3,0.1,-0.2,0.4,0.1,0.4
2010-06-01 00:00:00,-1.3,-1,0.1,-1.4,-1.8,-3.7,2.4,-0.4,-1,0.5,0.7,0.4,-0.6,0.2,-1.1,-0.2,1.2,0.4,0.6,0.7,0.4,0.1,0.1,-0.3,0.1,0,0.4
2010-07-01 00:00:00,3.5,4.1,7.9,3.7,4,5.1,9.4,-1.2,4.6,0.2,0.9,1.6,-0.2,-0.3,-0.8,-0.2,-1.3,0.5,0.3,0.6,0.3,-0.2,0.1,-0.3,-0.4,-0.1,0.3
2010-08-01 00:00:00,-1.2,-1.5,-2.3,-3.5,-2.2,-3.1,-3.3,-1,-1.8,0.8,0.2,-0.5,-0.5,0.8,0,-0.3,0.7,0.3,0,0.5,0.2,-0.4,0.1,-0.2,-0.8,0,0.1
2010-09-01 00:00:00,0.5,0.5,-0.5,-0.2,1.8,-0.6,-3.7,-0.6,0.3,-1,0.6,0,-0.2,1.1,-0.1,0.8,-1,-0.1,-0.1,0.3,0.1,-0.5,0.2,-0.2,-1,0.3,0
2010-10-01 00:00:00,2.6,4.4,1.8,5.7,4,6.6,-5.2,7,3.3,-1.4,-0.9,-0.9,-0.1,-0.8,0.9,-4.1,1.2,-0.9,-0.1,0,0,-0.3,0.4,-0.2,-0.7,0.4,0
2010-11-01 00:00:00,4.5,3.3,1.6,1.3,1.1,2.8,-3.5,2.9,2.9,1,0.7,0.8,-0.8,0.3,-0.4,-0.9,1.1,0.7,0,-0.2,0,-0.1,0.6,-0.3,-0.1,0.5,0
2010-12-01 00:00:00,26.7,27.9,23.6,23.5,24.9,23.9,13.3,22.7,25.7,0.8,0.3,0.5,-0.7,0.2,-1.1,1.3,-0.3,0.4,0.2,-0.2,0.1,0,0.7,-0.4,0.5,0.4,0.1
2011-01-01 00:00:00,-24.4,-28,-22.7,-22.9,-22,-25.8,-18.2,-22.7,-24.6,0.1,-1.7,-0.2,1.7,2.4,-1.8,2.5,1.6,-0.1,0.2,0,0.3,0.1,0.9,-0.4,0.9,0.1,0.2
2011-02-01 00:00:00,-11.5,-9.9,-9.1,-10.6,-8.2,-4.9,-2.3,-9.3,-9.9,0.3,0.1,3.3,-0.1,1.5,1.8,2.8,-1.9,1,0,0.3,0.4,0,0.9,-0.3,1.1,-0.2,0.3
2011-03-01 00:00:00,9.3,12.6,8.1,12.9,10.5,7.3,12.6,10.2,10.3,-0.5,0.9,-2.9,-0.1,-0.2,-1,-0.6,-0.4,-0.6,-0.1,0.5,0.4,-0.2,0.9,-0.1,0.8,-0.4,0.3
2011-04-01 00:00:00,-1.3,1.2,0.3,-3.1,-1.2,-1.9,-2,-1.6,-0.5,-0.2,2.8,1.9,-0.6,0.5,0.8,-0.5,0.1,1.1,-0.3,0.6,0.5,-0.3,0.9,0.2,0.4,-0.5,0.2
2011-05-01 00:00:00,-0.2,-0.2,1.2,-0.8,1.9,-1.8,4.5,-0.2,0.3,-0.7,-0.7,-0.3,-0.6,1.1,-0.1,-0.3,-0.8,-0.4,-0.2,0.5,0.5,-0.3,0.8,0.4,0,-0.4,0.2
2011-06-01 00:00:00,-1.1,-1,0,-2.3,0,-1.7,4.1,-1.1,-0.8,-0.8,-0.3,-0.1,-1.1,0.9,0,0.1,-0.3,-0.3,0,0.3,0.4,-0.2,0.7,0.5,0.1,-0.2,0.3
2011-07-01 00:00:00,3.2,2.1,5.3,4,3.5,5,7.9,-0.1,3.5,1.6,0.3,0.6,0.7,1.1,1,0.8,-0.1,0.9,0.3,0.1,0.4,0,0.8,0.6,0.3,0,0.3
2011-08-01 00:00:00,0.2,-0.8,0.2,-0.7,-0.2,0.6,-0.6,-0.2,-0.2,0.8,0.1,0.7,0.6,0.6,1.3,0.1,0.6,0.6,0.5,0,0.2,0.3,0.8,0.5,0.5,0,0.3
2011-09-01 00:00:00,1.3,0,0.1,0.7,0.2,-0.6,-3.7,1,0.4,0,-0.6,0.3,0.6,-0.2,0.3,1.3,0.8,0,0.5,0,0.1,0.3,0.7,0.2,0.5,0,0.3
2011-10-01 00:00:00,3.6,4.6,0.8,3.7,5.5,3,-0.7,4.4,3.5,0,1,-0.4,0,1.8,-0.8,0.9,-0.2,0.4,0.3,0,0.1,0.3,0.7,-0.1,0.3,0.1,0.2
2011-11-01 00:00:00,4.6,2.5,2.2,4.2,2.9,4.6,-3.1,1.4,3.2,0.7,-1,0.7,0.3,0.8,0.2,0,-1.8,0.2,0,0.1,0.2,0.2,0.7,-0.3,0.2,0.3,0.2
2011-12-01 00:00:00,26.2,29.1,22.3,23.3,23.9,24.2,9.8,24.7,25.4,0.2,1.3,-0.9,-0.2,-0.2,-1.1,-2.6,1.4,0.2,-0.2,0,0.3,0.1,0.7,-0.4,0.1,0.5,0.1
2012-01-01 00:00:00,-26.2,-27.5,-21.9,-24.8,-23.6,-25.3,-18.6,-23,-25.1,-1.4,-1,1.1,-1.1,1,-1.3,2.4,2.3,-0.4,-0.1,0,0.4,0.1,0.8,-0.3,0.2,0.7,0.2
2012-02-01 00:00:00,-8.7,-7,-7.4,-6.1,-4.8,-2,-1.1,-4.4,-7.1,-0.7,-0.2,1.5,1.4,0.9,1.3,0.4,-0.4,0.3,0.1,0.1,0.6,0.2,0.9,-0.1,0.5,0.8,0.3
2012-03-01 00:00:00,8.8,10.6,8.8,10.3,9.6,6.3,11.3,10,9.4,1.3,1.4,0.2,0.4,1.5,0.4,0.6,1.6,1,0.5,0.1,0.7,0.3,0.9,0,0.7,0.8,0.5
2012-04-01 00:00:00,-2.5,-5.2,-3.8,-4.8,-4.8,-6.4,-3.9,-4.6,-4,1.2,-1.5,0.4,0.6,0.5,-0.4,0.1,-0.1,0.2,0.7,0.2,0.7,0.3,0.9,-0.1,0.8,0.8,0.6
2012-05-01 00:00:00,3.8,3.5,5.1,2.8,6.3,0.8,9.2,3.1,4.2,0.9,1.1,0.8,-0.6,1.4,-0.7,1.3,0.5,0.8,0.8,0.3,0.7,0.2,0.9,-0.2,0.6,0.7,0.6
2012-06-01 00:00:00,0,-0.1,1.4,-1.4,-1.5,-1.8,5,0.7,0,1.3,1.2,1.7,0.7,0.3,0.6,2.1,1.2,1.2,0.7,0.2,0.5,0,0.8,-0.5,0.3,0.6,0.5
2012-07-01 00:00:00,-0.2,-0.2,2.3,0.3,0.3,0.3,4.3,-2.9,0.4,-0.5,-0.7,-0.8,-1.3,0.3,-1.9,-1.9,-1,-0.6,0.4,0,0.4,-0.2,0.7,-0.7,0,0.4,0.3
2012-08-01 00:00:00,1.7,1.6,1.7,1.4,3.1,1.5,-0.5,4,1.8,-0.1,-0.4,0.3,0.6,0.7,-0.1,-0.7,3.1,0.1,0.1,-0.1,0.2,-0.3,0.6,-0.7,-0.1,0.1,0.1
2012-09-01 00:00:00,-0.2,-2.7,-1.8,-1.6,-0.7,-4.1,-6.6,-0.5,-1.5,0.5,-0.1,0.7,0.1,1.4,-0.1,-0.2,-1.2,0.4,-0.1,-0.2,0.2,-0.4,0.5,-0.5,-0.1,-0.2,0
2012-10-01 00:00:00,3.6,4.3,2.9,4,5.8,4.6,0.9,1,3.9,-0.5,-0.5,0.2,-1.2,0.7,-1.6,1.3,-2.1,-0.3,-0.1,-0.1,0.2,-0.3,0.3,-0.2,0.1,-0.3,0
2012-11-01 00:00:00,5.1,5.3,1.9,2.7,1.8,5.2,-3.2,4.8,3.8,-0.1,0.2,-0.5,-0.9,-0.9,0.1,-1,0.9,-0.2,0.1,0,0.3,-0.3,0.2,0.1,0.3,-0.1,0.1
2012-12-01 00:00:00,22.8,23.7,20.7,20.9,20.6,24.5,11,19.6,22,-0.1,0.1,0.7,0.6,0,2.1,1.2,-2,0.2,0.3,0.1,0.4,-0.2,0.1,0.3,0.3,0.2,0.2
2013-01-01 00:00:00,-22.7,-24.3,-19.9,-20.9,-22.3,-21.8,-16.8,-21.5,-22.3,0.8,0.5,0.5,0.5,0,0.1,1.6,3.1,0.6,0.4,0.2,0.5,-0.1,0.1,0.2,0.1,0.6,0.3
2013-02-01 00:00:00,-10.8,-10,-10.8,-12.3,-8.7,-7.7,-7.7,-5.7,-10.3,1.6,0.8,2,-0.9,0.9,0,-2.1,1.6,1.1,0.4,0.2,0.4,0,0.1,0,-0.2,0.8,0.3
2013-03-01 00:00:00,10.2,11.3,10.2,14,11.6,8.9,12.9,12.4,10.9,-0.6,-0.5,-1.4,0.3,0.1,-0.7,0.4,0.3,-0.6,0.4,0.2,0.4,0.2,0.2,-0.1,-0.3,0.8,0.3
2013-04-01 00:00:00,-2.9,-3.3,-3.3,-5.3,-6,-7.3,-3,-4.7,-3.8,0.5,-0.3,0.6,0.1,-0.8,-1,-1.5,0.3,0.1,0.2,0.1,0.3,0.4,0.2,-0.1,-0.1,0.5,0.2
2013-05-01 00:00:00,3.2,3.4,5.1,4.5,7.4,3.7,7.8,1.5,4.3,-0.1,0.8,0.4,0.9,1.8,1.2,1,-0.7,0.6,0.1,0.2,0.2,0.6,0.1,0.2,0.4,0.2,0.2
2013-06-01 00:00:00,-2,-2.4,-1.5,-3.1,-4.3,-5.1,1.9,0.2,-2.3,0,0,0.3,0.2,-1,-0.3,-0.2,0.9,0,0.2,0.3,0.3,0.7,0,0.5,0.9,0,0.2
2013-07-01 00:00:00,1,1.3,4.6,5.2,1.2,7.2,11.6,-1.9,2.3,0,0.2,0,1.9,-0.4,2.2,3.4,-0.6,0.2,0.3,0.4,0.4,0.7,0,0.9,1.1,0.1,0.3
2013-08-01 00:00:00,3,3.2,2,0.3,2.9,1.5,1.5,1.7,2.6,1,0.5,0.8,-0.1,0.7,1,1.5,0.3,0.7,0.5,0.6,0.5,0.5,0.1,1.1,1,0.3,0.5
2013-09-01 00:00:00,-1.1,-2.3,-2.3,-2,-3.8,-3.5,-7,-0.6,-2.1,1,1.1,0.8,0.5,-0.8,0.2,0.2,0.6,0.7,0.7,0.7,0.5,0.3,0.3,1.3,0.8,0.4,0.6
2013-10-01 00:00:00,6.4,6.8,4,5.7,7.6,8.3,-0.3,6.1,6,0.3,0.4,0.2,-0.9,0.9,2,-0.5,1.2,0.3,0.9,0.8,0.4,0.2,0.4,1.3,0.5,0.3,0.6
2013-11-01 00:00:00,5.2,4.7,2,4.1,3.7,5.6,-2.4,3.3,4,0.9,1.3,0.3,1.1,1.4,0.7,0.3,-1,0.9,1,0.7,0.3,0.1,0.4,1.2,0.3,0.1,0.6
2013-12-01 00:00:00,24.3,25.1,20.3,19.9,19.5,25.1,7.5,21.6,22.6,2.1,1.2,0.5,0,0.1,2.4,-1.5,1.1,1.1,,,,0,0.3,0.9,0.3,-0.2,
2014-01-01 00:00:00,-21.2,-23.1,-19,-20.3,-21.5,-20,-13.5,-24.5,-21.2,1.7,0.9,0.6,1,-0.5,0.6,4.6,-1.4,0.9,0.9,0.5,0.2,0,0,0.6,0.4,-0.5,0.4
2014-02-01 00:00:00,-12.2,-11,-12.8,-12.3,-9.9,-10.3,-7.6,-7.9,-11.6,0.1,0,0.2,-0.8,0.3,-1.4,-1.7,-0.9,0,0.7,0.3,0.1,0,-0.1,0.4,0.5,-0.7,0.3
2014-03-01 00:00:00,10.9,10.5,10.1,10.7,8.7,8.2,12.9,10.6,10.3,0.9,-0.3,0,-0.7,-1.2,0.7,0.6,-0.2,0,0.5,0.2,0.1,0.1,-0.2,0.3,0.4,-0.6,0.2
2014-04-01 00:00:00,-1.9,-1.2,-1.8,-1.9,-2.5,-2.7,-2,-4.5,-1.8,0,0.9,0,0.2,0.3,0.7,-0.1,-1.1,0.3,0.3,0.2,0.1,0.1,-0.1,0.3,0.2,-0.3,0.2
2014-05-01 00:00:00,2.4,1.9,4,2.6,4.6,1.1,9,3,2.9,-0.5,-0.5,0.1,0.4,0.2,-0.1,1,0.3,-0.2,0.3,0.3,0,0.3,0.1,0.3,0,0.1,0.2
2014-06-01 00:00:00,-2.1,-2.4,-2.4,-3.7,-3.4,-3.1,1.2,-2.9,-2.5,0.9,0.6,-0.3,0.3,0.8,1.5,-0.4,0.1,0.5,0.4,0.4,-0.1,0.5,0.3,0.3,-0.2,0.6,0.3
2014-07-01 00:00:00,3.5,2.8,5.6,5.8,2.9,4.1,6.2,2.7,3.9,1.3,0.8,0.3,1.2,0.1,-0.7,-1.7,2.3,0.8,0.5,0.4,-0.1,0.6,0.3,0.2,-0.2,1,0.4
2014-08-01 00:00:00,-0.6,1.3,-1.1,-1.2,0.8,-0.6,-0.4,1,-0.1,-0.1,0.9,-0.4,0,0.2,0.2,1.4,0.5,0.1,0.6,0.4,-0.1,0.6,0.3,0,-0.1,1.1,0.4
2014-09-01 00:00:00,2.7,0.1,-0.5,0.7,-0.5,-1.1,-5.5,1.6,0.7,1.8,0.8,0.7,1.2,0.8,0.7,-0.8,1.8,1.1,,,,,,,,,
2014-10-01 00:00:00,5.9,5.9,3.8,7.2,6.9,5.2,-0.7,4.8,5.5,0.6,0,0.2,1.1,0.2,-1.1,-0.1,0.3,0.3,0.5,0.2,0.2,0.5,0.2,0,0,0.6,0.3
2014-11-01 00:00:00,3.4,2.1,-0.2,2.1,0.6,3.2,-2.8,5.2,1.9,0.1,0,-0.3,0.5,0,1.2,0.8,1.1,0.1,0.4,0.2,0.4,0.4,0.3,0.2,0,0.2,0.3
2014-12-01 00:00:00,22.5,24.3,22.5,21.3,22.6,23.3,10.9,20.2,22.7,0,0.1,0.9,-0.4,0.5,-0.8,0.1,-0.2,0.2,0.3,0.3,0.6,0.4,0.3,0.4,0,0,0.3
2015-01-01 00:00:00,-22,-22.8,-18.4,-21.4,-21.8,-19.2,-18.7,-24.3,-21.4,0.4,0.9,1.2,0,0,1.7,-1.7,-2.4,0.6,0.2,0.3,0.6,0.3,0.2,0.5,-0.1,0,0.3
2015-02-01 00:00:00,-12.2,-10.5,-12.9,-10.5,-9.3,-8.3,-4.9,-6.1,-11.2,0.4,0.6,0.5,1.3,1.3,1.1,1.6,2.2,0.7,0.2,0.4,0.6,0.3,0.2,0.4,-0.1,0.1,0.3
2015-03-01 00:00:00,10.8,11.4,11.7,13,9.2,9,10.8,9.9,11,0,-0.1,0.6,0,-1,-0.1,-0.7,-0.6,0,0.3,0.4,0.4,0.3,0.1,0.3,0,0.3,0.3
2015-04-01 00:00:00,-2.8,-2.7,-3.9,-4.6,-3.6,-6.6,-1.2,-3.1,-3.3,0.4,0.6,-0.4,0.3,-0.2,-0.8,0.1,1.3,0.2,0.4,0.4,0.3,0.3,0.1,0.1,0.1,0.5,0.3
2015-05-01 00:00:00,3.1,2,3.9,2.9,4.5,2.1,6.1,4.6,3.2,0.3,0.1,0.2,-0.3,0.7,0.3,-0.4,0.9,0.3,0.5,0.4,0.1,0.2,0.1,0.1,0.2,0.5,0.3
2015-06-01 00:00:00,-0.5,-1.1,-0.4,-1.7,-2.8,-3.1,4.8,-2.7,-1,1.2,0.6,0.1,0.9,0.1,0.1,1,0.1,0.6,0.5,0.5,0,0.2,0.2,0.2,0.3,0.3,0.3
2015-07-01 00:00:00,1.9,2.4,5.4,3.3,3.4,5.5,7.9,0.1,3.1,0.2,0.6,0.3,-0.3,0.2,0.6,0.8,-0.1,0.3,0.5,0.6,0,0.2,0.3,0.4,0.2,0.1,0.4
2015-08-01 00:00:00,-0.4,0.4,-2.2,-2.1,-0.6,-2.3,-2.9,-0.2,-0.8,0.6,0.9,-0.3,0.1,0.4,0.6,-0.9,-0.2,0.4,0.5,0.7,0,0.2,0.3,0.5,0.3,0.1,0.4
2015-09-01 00:00:00,1.6,0.8,-0.5,1.6,0.9,0.4,-4.2,0.5,0.8,0,0.8,-0.2,0.7,0.6,0.8,1.2,0.2,0.3,0.5,0.7,0.1,0.3,0.2,0.6,0.3,0.4,0.4
2015-10-01 00:00:00,6.6,6.9,4.3,5.8,6,7,0.1,5.8,6,0.8,0.6,0.3,0,-0.2,0.8,-0.4,-0.1,0.5,0.4,0.6,0.2,0.3,0,0.6,0.3,0.8,0.4
2015-11-01 00:00:00,2.2,1.7,0.2,1.3,-0.2,2.3,-4,3.2,1.3,0.2,0.2,0.6,0.7,0.1,0.3,0.3,1.6,0.3,0.4,0.4,0.2,0.4,-0.1,0.5,0.3,1.2,0.3
2015-12-01 00:00:00,24.3,25.4,22.3,23.4,22.3,24.4,11.4,26.1,23.8,0.5,0.3,0,0.2,-0.8,-0.1,0.2,3.6,0.2,0.4,0.3,0.2,0.4,-0.1,0.5,0.3,1.2,0.3
2016-01-01 00:00:00,-23,-24.4,-19.9,-21.9,-22.3,-19.9,-16.5,-22.6,-22.5,0.5,0.1,0.5,0.6,0.3,1.3,2.4,-0.2,0.4,0.4,0.2,0.2,0.4,0,0.5,0.1,1,0.3
2016-02-01 00:00:00,-8.7,-6.9,-10,-8.1,-7.4,-5.9,-4.1,-4.4,-8.2,0.1,0.2,-0.3,0.1,-0.4,0.2,-2.4,0.7,0,0.3,0.2,0.1,0.3,0,0.4,-0.2,0.5,0.2
2016-03-01 00:00:00,7.5,7.6,8,9.8,8.5,6.4,7.1,5.9,7.8,0.3,0.5,0.5,0.3,1,0.6,-0.1,-0.3,0.5,0.2,0.1,0,0.3,0.1,0.3,-0.5,0.1,0.1
2016-04-01 00:00:00,-1.8,-1.5,-3.1,-2.9,-2.9,-4.1,0.7,-1.7,-2.2,0.4,-0.4,-0.6,0.5,0.2,0.5,-0.1,-0.2,-0.1,0.1,0.1,0.1,0.3,0.1,0.2,-0.6,-0.1,0.1
2016-05-01 00:00:00,1.2,-0.1,1.1,0.8,0.3,-0.8,3.3,-0.3,0.7,0,0.5,-0.5,-0.3,-0.8,-0.7,-1.1,-0.7,-0.1,0.1,0.1,0.3,0.4,0,0.2,-0.6,0,0.1
2016-06-01 00:00:00,-0.5,-0.2,2.4,-0.9,-0.5,-2.6,3.1,-1.9,0.1,-0.1,0.1,1.7,0.7,0.1,-0.1,-1,0.3,0.4,0.2,0.2,0.5,0.4,0,0.1,-0.3,0.2,0.2
2016-07-01 00:00:00,0.5,-0.2,4.3,3.4,2.1,5.2,7.1,2.9,1.6,0,-0.6,0.1,0.9,0.2,1.1,0.4,1.1,0,0.3,0.3,0.7,0.3,0,0.2,0,0.5,0.3
2016-08-01 00:00:00,0.2,1.1,-0.1,-0.7,-0.8,-1.8,-1.2,-1,0.1,0.7,1.1,1.2,0.4,-0.4,0,0.6,1,0.8,0.4,0.4,0.7,0.3,0,0.3,0.4,0.6,0.4
2016-09-01 00:00:00,3.1,2.3,0.8,0.8,1.3,0.5,-3.3,1.8,1.9,0.9,1.5,0.6,0,0.9,0.4,1.6,0.7,0.9,0.5,0.5,0.6,0.2,0.1,0.3,0.6,0.6,0.5
2016-10-01 00:00:00,4.2,3.8,2.3,3.5,4.3,3.8,-1.3,5.9,3.6,0.3,-0.5,0.4,-0.4,-0.1,0,-0.3,0.1,0,0.5,0.5,0.3,0.2,0.1,0.4,0.7,0.5,0.4
2016-11-01 00:00:00,4.3,3.7,1.5,3,1.4,4.6,-2.3,2.6,3.1,0.7,0.6,-0.1,-0.3,-0.6,0.3,0.4,0.1,0.3,0.4,0.3,0,0.2,0,0.3,0.5,0.3,0.3
2016-12-01 00:00:00,23.3,25.3,22.3,23.7,23.7,25.6,13,22.4,23.6,-0.2,0.1,-0.3,1.3,0.5,1,1.4,0.2,0.1,0.2,0.2,-0.2,0.3,0,0.2,0.2,0.2,0.1
2017-01-01 00:00:00,-24,-24.9,-21.7,-22.3,-24,-21.7,-20.1,-23.3,-23.5,0.3,0.8,-0.2,1.3,0,0,-0.5,1,0.3,0.2,0.2,-0.2,0.4,0,0.3,-0.1,0.2,0.1
2017-02-01 00:00:00,-11,-10.1,-12.1,-10.6,-9.3,-8.9,-4.6,-7.7,-10.6,0,-0.9,-0.1,-0.7,-0.5,-0.2,-0.2,-0.6,-0.4,0.2,0.3,-0.1,0.5,0,0.4,-0.3,0.2,0.1
2017-03-01 00:00:00,10.8,12.3,9.6,12.3,11.6,9,9.5,9.5,11,0.1,0.6,-1.2,-0.2,0.2,-0.1,-1.8,-0.2,-0.1,0.2,0.4,0,0.5,0.1,0.4,-0.3,0.3,0.2
2017-04-01 00:00:00,-2.5,-2,-0.7,-2.6,-3.7,-3.7,0.1,-0.7,-2.1,0.2,1,2.6,1.3,0.3,1.1,0.9,1,1,0.3,0.4,0.2,0.3,0.2,0.4,-0.2,0.2,0.3
2017-05-01 00:00:00,3.2,1.8,1,2.6,2.7,1.6,5.6,1.2,2.2,1.1,0.9,-1.4,0.4,0.2,0.9,-0.7,0.5,0.4,0.3,0.4,0.2,0.1,0.1,0.3,0,0.2,0.3
2017-06-01 00:00:00,0,-0.4,2.2,-1.2,-1,-0.8,5.4,-2.1,0.1,0.2,-0.4,1.1,0.1,0,0.7,1.2,-0.3,0.2,0.2,0.2,0.2,0,0,0.1,0,0,0.2
2017-07-01 00:00:00,-0.8,-0.3,2.8,0,1.3,0.4,5.9,0.9,0.4,-0.3,0.4,0.1,-0.5,0.3,-1.2,0.3,0.1,0,0.1,0.2,0,0.1,-0.1,0,0,-0.1,0.1
2017-08-01 00:00:00,0.4,0.6,-0.8,-0.5,0,-1.6,-2.2,-2.2,0,-0.5,-0.4,-0.7,-1.2,-0.3,-1.1,-0.6,-0.7,-0.6,0,0.1,-0.1,0.2,-0.2,-0.1,-0.1,-0.2,0
2017-09-01 00:00:00,1.4,-0.3,-0.2,1.1,-0.8,0.4,-6,1.9,0.3,0.5,-0.1,0.4,1.1,-1,0.9,-1.2,-0.2,0.2,0.1,0.2,0,0.4,-0.2,0,-0.2,-0.2,0.1
2017-10-01 00:00:00,4.3,5.6,1.8,6.1,3.6,5.2,-0.6,4.6,4.1,0.2,1,-0.5,1.6,-0.1,0.2,0.4,0.4,0.3,0.1,0.4,0.1,0.5,-0.2,0.1,-0.2,-0.1,0.2
2017-11-01 00:00:00,5.6,6.3,3.1,4.3,4.3,5.9,-1.4,3.9,5,0.8,1.7,0.8,1.1,0.9,2,0.6,0.7,1.1,0.3,0.6,0.2,0.6,-0.1,0.3,-0.1,0.1,0.3
2017-12-01 00:00:00,21.3,22.5,21.3,20.9,20.7,21.7,9.8,21.5,21.4,0.4,-0.1,0.4,0.1,-0.5,-1.3,-0.4,-0.4,0.1,0.4,0.6,0.2,0.5,-0.1,0.3,0.2,0.3,0.4
2018-01-01 00:00:00,-23.7,-24.6,-20.2,-23.1,-22.7,-21.1,-18.9,-23.9,-23,-0.6,0.1,0.7,-0.8,0.1,0.1,0.2,0.3,0,0.4,0.6,0.2,0.3,0.1,0.4,0.6,0.5,0.4
2018-02-01 00:00:00,-10,-8.5,-12.6,-9.7,-10.3,-8.3,-3.8,-6.9,-10,0.9,1,-0.7,0.5,-0.8,0.9,0.9,0.2,0.4,0.4,0.6,0.1,0.1,0.1,0.5,0.8,0.7,0.3
2018-03-01 00:00:00,12.1,13,12,14.4,12.9,10.6,12.8,13.3,12.5,-0.1,0.2,-0.5,0,0.3,-0.2,0.4,1.3,0,0.4,0.5,0.1,0,0.1,0.6,0.8,0.7,0.3
2018-04-01 00:00:00,-4.7,-4.5,-5.6,-7.8,-5.6,-6.5,0.7,-4.3,-5.1,0.9,0.6,0.3,-0.6,0.7,1.3,2.6,0.8,0.6,0.4,0.4,0.1,0,0,0.7,0.6,0.7,0.3
2018-05-01 00:00:00,4.9,2.8,5,6.1,3.9,4.3,6.7,2.7,4.3,0.5,0.2,0.8,1,-0.2,1.6,-0.3,0.4,0.4,0.4,0.4,0.2,0.2,0,0.8,0.1,0.5,0.3
2018-06-01 00:00:00,-1,0.1,0.1,-2.1,-0.8,-1.5,3.1,0.7,-0.5,0,0.9,-0.5,0,0.2,0.3,-1,1,0.2,0.2,0.5,0.3,0.2,0,0.7,-0.4,0.4,0.3
2018-07-01 00:00:00,-0.6,-0.7,4.1,0.5,-0.8,1.7,3.9,-2,0.4,0.1,0.2,1.2,0,-1.1,-0.4,-1.2,-0.6,0.2,0.1,0.5,0.5,0.3,0,0.5,-0.8,0.3,0.3
2018-08-01 00:00:00,2.1,2,0.5,1.3,2.1,0.4,-2.4,-0.9,1.6,0.6,0.2,0.1,0.4,0.6,0.9,-1,-0.1,0.4,-0.1,0.5,0.6,0.2,0.1,0.3,-1,0.2,0.2
2018-09-01 00:00:00,-1,-0.5,-1.4,-0.9,-1.5,-1.7,-7.3,1.6,-1.1,-0.9,0.9,0.7,0.4,0.3,0.4,-1.2,0.4,0.1,-0.1,0.4,0.5,0.2,0.2,0.1,-1,0.2,0.2
2018-10-01 00:00:00,4.3,6.1,4.7,5.8,6.1,6.2,0.7,6,5.2,-0.4,0.7,1.2,0.3,0.5,-0.1,0.1,1,0.4,0,0.3,0.4,0.1,0.3,0,-0.8,0.3,0.2
2018-11-01 00:00:00,5.7,4.8,2.9,3.3,3.5,4.3,-2.8,5.1,4.4,0.5,-0.4,-0.3,-0.6,0.2,-0.5,-1.1,0.9,0,0.1,0.2,0.3,0.1,0.3,-0.1,-0.4,0.3,0.2
2018-12-01 00:00:00,19.9,21.4,19.5,18.8,20.5,20.7,9.2,18.7,20.1,0.3,-0.1,0.3,0,0.3,0.1,0.3,-1.1,0.1,0.2,0.2,0.3,0.1,0.2,-0.1,-0.1,0.2,0.2
2019-01-01 00:00:00,-22,-24,-20.4,-21,-22.3,-19.8,-19.7,-24,-22.2,0.7,0.1,-0.4,0.5,-0.2,0.4,-1.3,-0.1,0.2,0.3,0.2,0.4,0.2,0,-0.1,0.2,0.2,0.2
2019-02-01 00:00:00,-10.8,-9.2,-11.3,-10.1,-9.3,-10.2,-3.2,-5.3,-10.1,0.4,0.6,1.1,0.4,0.3,-0.7,1.8,1.5,0.6,0.2,0.2,0.4,0.3,-0.1,0,0.3,0.2,0.2
2019-03-01 00:00:00,10.1,11.8,11.1,12.1,9.9,9.1,12.6,11,10.9,-0.1,0.5,0.7,0.1,-0.6,0.3,1,-0.3,0.2,0.1,0.3,0.5,0.3,0,0.1,0.4,0.2,0.2
2019-04-01 00:00:00,-2.9,-3,-1.7,-2.6,-3.4,-3.2,-0.5,-3.3,-2.7,-0.5,-0.2,0.8,0.7,0.2,0.6,-0.6,0,0,-0.1,0.3,0.5,0.3,0.1,0.2,0.3,0.2,0.2
2019-05-01 00:00:00,3.1,2.8,2.7,3.8,3.4,0.7,6.8,2.3,3,-0.1,0.6,0.1,0.5,-0.2,-0.3,0.3,1,0.2,-0.1,0.3,0.4,0.1,0.3,0.3,0.2,0.3,0.2
2019-06-01 00:00:00,-1.6,-1.5,-0.6,-3.9,-1.7,-1.7,2.6,-1,-1.5,0.1,0.2,0.2,-0.7,0.9,1.3,0,0,0.2,-0.1,0.2,0.3,0,0.5,0.4,0.1,0.4,0.2
2019-07-01 00:00:00,-0.3,-0.3,3.9,1,3,2.9,6.9,-1.7,1.1,0,0.1,0.1,-0.5,1,0,0.2,-0.8,0.1,,,,,,,,,
2019-08-01 00:00:00,2.3,2.3,1.4,1.7,1.1,0.1,-1.2,2.6,1.9,0.3,0.4,0.6,0.6,0.2,0.4,0.1,1.9,0.4,,,,,,,,,
2019-09-01 00:00:00,-1.1,-2.2,-2.9,-1.7,-1.7,-1.3,-7.3,-1,-1.9,0.3,-0.1,-0.1,0.4,0.7,0.9,-0.6,0.2,0.2,,,,,,,,,
2019-10-01 00:00:00,5.7,6,5.3,6.2,6.5,8.9,3.5,6.4,5.9,-0.2,-0.2,1,-0.4,0.2,1.9,2.3,0.6,0.2,,,,,,,,,
2019-11-01 00:00:00,5.5,5.6,4,4.4,3.8,4.6,-2,6,4.9,1.1,1,1.1,1.3,0.3,0.2,-0.3,0,0.9,,,,,,,,,
2019-12-01 00:00:00,18.4,21.5,18.6,17.1,19.1,23.1,7.4,17.1,19.2,-1,0,-0.6,-1.5,-0.1,1.4,-0.9,-0.2,-0.5,,,,,,,,,
2020-01-01 00:00:00,-22.6,-24,-20,-21.2,-22.4,-20.9,-18.9,-25.2,-22.4,-0.4,-0.5,-0.1,0,-1.5,-0.9,-0.6,-2.6,-0.5,,,,,,,,,
2020-02-01 00:00:00,-7.9,-6,-8.1,-6.9,-5.4,-6.9,-1.8,-1.3,-6.9,-0.1,0.8,1.1,0.5,1.4,-0.1,-0.4,1.5,0.6,,,,,,,,,
2020-03-01 00:00:00,14,14.3,14.9,17,15.6,13.8,18.8,15,14.7,7.7,7.1,8.6,9.1,9.8,8.8,11.2,9,8.1,,,,,,,,,
2020-04-01 00:00:00,-18.9,-22.3,-16.9,-16.5,-17.9,-20.2,-6.8,-17.3,-19,-17.4,-20.7,-15.4,-14.4,-16.4,-17.2,-7.3,-14.6,-17.4,,,,,,,,,
2020-05-01 00:00:00,19.6,18.6,19.1,19.1,21.9,18.5,14.7,16.1,19.3,16.4,16.8,16.4,16.1,19.2,17.2,7.6,12.3,16.6,,,,,,,,,
2020-06-01 00:00:00,2.1,2.6,0.5,-1.4,0.4,1.4,-1.3,1,1.4,3.4,4.2,0.7,1,2.7,3.6,-4.2,3.7,2.7,,,,,,,,,
2020-07-01 00:00:00,6.3,-1.5,9.5,5.2,7,7.4,9.5,5.2,5,6,-1.9,5.3,3.2,3.9,4.5,2.8,6,3.4,,,,,,,,,
2020-08-01 00:00:00,-2.7,-12.5,-2.7,-2.6,-1.5,-3.1,-0.8,0.5,-4.8,-2.2,-12.5,-1.3,-1.2,-0.2,-0.7,2.3,0.2,-4.1,,,,,,,,,
2020-09-01 00:00:00,0.6,-0.4,-2,-2.2,-2,-1.7,-2.1,-2.1,-0.8,-1,-0.5,-1.3,-2.4,-1.4,-1.6,2.9,-1.6,-1.1,,,,,,,,,
2020-10-01 00:00:00,6.2,11.5,4.2,6.8,7.2,5.1,1.7,6.8,7,0.8,5.5,-0.2,0.3,0.6,-1.5,0.2,-0.2,1.5,,,,,,,,,
2020-11-01 00:00:00,5.4,26,4.7,0.7,2,5.5,-1.4,4.6,9.2,2.2,22,3.6,-0.6,0.6,2.5,2.2,1.3,6.7,,,,,,,,,
2020-12-01 00:00:00,16.4,14.8,19.5,21.4,19.9,18.6,11.5,18.2,17.3,-4,-6.9,-1.3,0,-1.4,-3.4,0.8,-0.4,-3.5,,,,,,,,,
2021-01-01 00:00:00,-22.7,-23.7,-21.7,-22,-20.9,-20.1,-18.7,-21.9,-22.4,0.5,0.9,-1.6,0.1,1.8,0.6,0.8,0.4,0.3,,,,,,,,,
2021-02-01 00:00:00,-9.8,-12.2,-11.2,-10.2,-14.5,-9.1,-7.5,-7.7,-11.2,1.2,-3,1.1,0.2,-5.4,0.7,-2.8,0.3,-0.8,,,,,,,,,
2021-03-01 00:00:00,11.7,16.4,10.9,12.3,17.3,11.7,12.5,8,13.3,0.2,3.5,-0.5,-1.1,5.5,1.3,0.5,-2.9,1.3,,,,,,,,,
2021-04-01 00:00:00,-2.3,-3.3,-3.9,-4.7,-6,-5.8,-0.3,-2.3,-3.5,2.1,1.6,0.3,0.9,-1.5,0.4,0.1,1.9,1.1,,,,,,,,,
2021-05-01 00:00:00,3.8,1.3,4.1,3.1,4.3,2.6,4.1,4.2,3.2,0.5,-0.9,1.6,-0.1,1.3,1.5,-2.1,0.9,0.4,,,,,,,,,
2021-06-01 00:00:00,-2.8,-5,-0.7,-1.1,-1.5,-2.7,1.5,-1.3,-2.6,-2,-4,-0.9,0.6,0.1,-1.6,-1.8,1.3,-1.8,,,,,,,,,
2021-07-01 00:00:00,-8.4,1.7,3.6,-1.2,4,5.4,9.5,2.7,-0.9,-8.9,1.3,-0.9,-3.3,1.2,2.7,2.2,2.1,-2.7,,,,,,,,,
