Unnamed: 0,Turnover ;  Total (State) ;  Food retailing ;,Turnover ;  Total (State) ;  Household goods retailing ;,"Turnover ;  Total (State) ;  Clothing, footwear and personal accessory retailing ;",Turnover ;  Total (State) ;  Department stores ;,Turnover ;  Total (State) ;  Other retailing ;,"Turnover ;  Total (State) ;  Cafes, restaurants and takeaway food services ;",Turnover ;  Total (State) ;  Total (Industry) ;,Turnover ;  Total (State) ;  Food retailing ;.1,Turnover ;  Total (State) ;  Household goods retailing ;.1,"Turnover ;  Total (State) ;  Clothing, footwear and personal accessory retailing ;.1",Turnover ;  Total (State) ;  Department stores ;.1,Turnover ;  Total (State) ;  Other retailing ;.1,"Turnover ;  Total (State) ;  Cafes, restaurants and takeaway food services ;.1",Turnover ;  Total (State) ;  Total (Industry) ;.1,Turnover ;  Total (State) ;  Food retailing ;.2,Turnover ;  Total (State) ;  Household goods retailing ;.2,"Turnover ;  Total (State) ;  Clothing, footwear and personal accessory retailing ;.2",Turnover ;  Total (State) ;  Department stores ;.2,Turnover ;  Total (State) ;  Other retailing ;.2,"Turnover ;  Total (State) ;  Cafes, restaurants and takeaway food services ;.2",Turnover ;  Total (State) ;  Total (Industry) ;.2
Unit,$ Millions,$ Millions,$ Millions,$ Millions,$ Millions,$ Millions,$ Millions,$ Millions,$ Millions,$ Millions,$ Millions,$ Millions,$ Millions,$ Millions,$ Millions,$ Millions,$ Millions,$ Millions,$ Millions,$ Millions,$ Millions
Series Type,Original,Original,Original,Original,Original,Original,Original,Seasonally Adjusted,Seasonally Adjusted,Seasonally Adjusted,Seasonally Adjusted,Seasonally Adjusted,Seasonally Adjusted,Seasonally Adjusted,Trend,Trend,Trend,Trend,Trend,Trend,Trend
Data Type,FLOW,FLOW,FLOW,FLOW,FLOW,FLOW,FLOW,FLOW,FLOW,FLOW,FLOW,FLOW,FLOW,FLOW,FLOW,FLOW,FLOW,FLOW,FLOW,FLOW,FLOW
Frequency,Month,Month,Month,Month,Month,Month,Month,Month,Month,Month,Month,Month,Month,Month,Month,Month,Month,Month,Month,Month,Month
Collection Month,1,1,1,1,1,1,1,1,1,1,1,1,1,1,1,1,1,1,1,1,1
Series Start,1982-04-01 00:00:00,1982-04-01 00:00:00,1982-04-01 00:00:00,1982-04-01 00:00:00,1982-04-01 00:00:00,1982-04-01 00:00:00,1982-04-01 00:00:00,1982-04-01 00:00:00,1982-04-01 00:00:00,1982-04-01 00:00:00,1982-04-01 00:00:00,1982-04-01 00:00:00,1982-04-01 00:00:00,1982-04-01 00:00:00,1982-04-01 00:00:00,1982-04-01 00:00:00,1982-04-01 00:00:00,1982-04-01 00:00:00,1982-04-01 00:00:00,1982-04-01 00:00:00,1982-04-01 00:00:00
Series End,2021-07-01 00:00:00,2021-07-01 00:00:00,2021-07-01 00:00:00,2021-07-01 00:00:00,2021-07-01 00:00:00,2021-07-01 00:00:00,2021-07-01 00:00:00,2021-07-01 00:00:00,2021-07-01 00:00:00,2021-07-01 00:00:00,2021-07-01 00:00:00,2021-07-01 00:00:00,2021-07-01 00:00:00,2021-07-01 00:00:00,2021-07-01 00:00:00,2021-07-01 00:00:00,2021-07-01 00:00:00,2021-07-01 00:00:00,2021-07-01 00:00:00,2021-07-01 00:00:00,2021-07-01 00:00:00
No. Obs,472,472,472,472,472,472,472,472,472,472,472,472,472,472,472,472,472,472,472,472,472
Series ID,A3348591K,A3348600A,A3348609W,A3348618X,A3348627A,A3348636C,A3348582J,A3348594T,A3348603J,A3348612K,A3348621L,A3348630R,A3348639K,A3348585R,A3348597X,A3348606R,A3348615T,A3348624V,A3348633W,A3348642X,A3348588W
1982-04-01 00:00:00,1162.6,592.3,359.9,460.1,479.1,342.4,3396.4,1167.2,653.4,360.7,479.7,507.9,349.8,3518.7,1173.2,652.9,362.6,482.4,505.1,347.5,3523.4
1982-05-01 00:00:00,1150.9,629.6,386.6,502.6,486.1,342.1,3497.9,1178.6,648.6,362.6,489.2,502.3,346.3,3527.7,1181.6,654.2,361.9,484.2,504.9,346.3,3533.6
1982-06-01 00:00:00,1160,607.4,350.5,443.8,467.5,328.7,3357.8,1203.7,655.8,365.1,479.2,506.9,350.8,3561.5,1192.8,655.6,361.9,486.4,504.6,345.8,3547
1982-07-01 00:00:00,1206.4,632.4,359.3,459.1,491.1,338.5,3486.8,1209.8,660.5,362,476.5,503.6,341.5,3553.9,1203.2,656.6,361.7,488.6,505.3,345.8,3560.6
1982-08-01 00:00:00,1152.5,622.6,325.2,438.4,485.7,331.5,3355.9,1198.9,659.7,359.3,515.2,505.9,342.7,3581.8,1213.4,656.5,362,489.8,505.6,346.4,3573.6
1982-09-01 00:00:00,1189.1,622,346.3,465.1,489.9,341.9,3454.3,1217.9,661.5,363.8,485.1,506.4,346.5,3581.2,1223.9,655.8,363.4,488.7,506.1,348.7,3586.7
1982-10-01 00:00:00,1247.4,637.8,354.2,452.7,500.9,358.4,3551.5,1242.3,649.6,359,482.6,508,354.2,3595.6,1232.8,658.4,366.2,485.6,508.7,353.1,3605.8
1982-11-01 00:00:00,1280.7,717.2,403.9,522.9,531.1,374.7,3830.5,1260.6,658.1,375.1,488,509.6,360.2,3651.7,1244.8,667.3,370.7,483.4,513.3,359,3637.7
1982-12-01 00:00:00,1483.7,1077,571.4,889.3,725.2,433.1,5179.7,1245.6,670.5,375.9,478.6,518,361.8,3650.4,1258.6,680.8,376.2,484.3,519.5,364,3681
1983-01-01 00:00:00,1202.8,615.9,326.5,379.2,491.4,368.6,3384.5,1240.6,702.8,386.1,471.2,525.6,369.3,3695.6,1268.6,694.9,381.7,488.8,525.3,367.5,3729.5
1983-02-01 00:00:00,1224.2,621.7,298.7,378,499.1,348.1,3369.8,1312.2,712.4,379.2,502.7,536.5,377.9,3821,1281.7,707.1,386.1,495.8,530,369,3773.4
1983-03-01 00:00:00,1332.4,719.1,377.2,472.1,538.7,365.8,3805.3,1293.4,728.5,395.2,502.8,536.8,366.1,3822.8,1289.2,715.7,389.5,503,534.4,368.8,3807.6
1983-04-01 00:00:00,1270.9,633.4,412.5,503.4,493.8,351.1,3665.1,1301.2,722.3,423.9,537.4,536,364.4,3885.2,1298.8,717.8,392.2,507.6,538.5,369,3831.1
1983-05-01 00:00:00,1251.7,697.9,418.5,510.6,520.8,360.5,3760,1294.5,710.1,390.5,492.5,538.7,366.9,3793.2,1307.4,718.4,395.6,509.6,542.4,369.6,3848.5
1983-06-01 00:00:00,1269.3,661.8,383,462.4,507.3,347.1,3630.8,1308.8,713.9,396.3,504.8,546.2,369.3,3839.4,1316.9,717.5,399.3,510,546.6,371.3,3865.1
1983-07-01 00:00:00,1292.8,656.9,384,468.3,519.9,364.5,3686.5,1330.8,706.2,402,507,549.1,376,3871.1,1327.8,718.7,402.6,510.2,551.3,373.1,3885.6
1983-08-01 00:00:00,1337,711,379.9,458.2,554.2,376,3816.3,1349.8,733.7,406.4,516.3,559.8,379.4,3945.5,1342.2,722.8,405.1,511.5,556.5,374.8,3912.6
1983-09-01 00:00:00,1322.8,690.3,402,482.7,547.9,377.6,3823.4,1353.9,727.1,418.3,507.4,564.6,380.1,3951.4,1355.7,730.7,406.8,513.7,561.7,376.3,3942.9
1983-10-01 00:00:00,1355.4,714.6,395.8,485.3,553.5,374.1,3878.7,1362.4,739.8,406.2,526.4,565.4,372.3,3972.3,1365.4,738,408.2,515.8,566,377.6,3971.4
1983-11-01 00:00:00,1410.9,815.5,431.7,568.7,594.1,390.6,4211.5,1377.3,744.3,399.1,520.7,567,374.8,3983.3,1371.3,744.6,410.4,517.4,569.4,379.7,3996.3
1983-12-01 00:00:00,1642.3,1197.8,626,963.7,795.5,459,5684.3,1383.2,750.4,413.5,514.8,572.5,383.1,4017.6,1373,749.5,414.5,518.9,572.4,383.4,4018.8
1984-01-01 00:00:00,1314.5,684.2,357.6,414.7,538.8,388.8,3698.5,1368.9,771.3,421.1,510.2,576.7,391.2,4039.3,1372.9,750.9,419.9,521.1,575.8,388.3,4040.1
1984-02-01 00:00:00,1335.4,698.5,346,414.5,561.6,377.1,3733.2,1369,768.8,421.4,530.7,577.9,393.3,4061.2,1375.1,748.7,425.4,525.4,578.9,394.3,4061.2
1984-03-01 00:00:00,1388.8,746,419,484.7,574.6,397.8,4010.9,1363.2,773.7,444.1,534.2,582.7,401.2,4098.9,1380.4,747.3,429.8,532,582.3,400,4082.3
1984-04-01 00:00:00,1346.5,634.7,406.9,487.3,529.7,383.3,3788.4,1402.6,734.3,431,541.7,584.2,403.9,4097.7,1389.5,744.1,431.6,540.5,584.5,404.2,4101.7
1984-05-01 00:00:00,1404.3,755,480.9,597.9,590.1,414,4242.3,1401,741.8,431.8,546.7,589.5,411.6,4122.3,1399.2,742.5,431.3,549.9,586.4,406.4,4120.1
1984-06-01 00:00:00,1367.6,677.2,403.1,500.4,542.2,381.5,3872.1,1407.3,731.4,419.2,545.1,585.7,404.6,4093.2,1409.3,743,430.3,558.7,588.5,407.4,4139.1
1984-07-01 00:00:00,1361.6,708.7,411.9,543.4,559.4,393,3978,1428.2,763.3,434.5,592.7,595.9,408.9,4223.6,1419.4,746.3,430.1,565.7,591.3,408.2,4160.4
1984-08-01 00:00:00,1436.7,740.9,414.5,503.4,591.6,409,4096.1,1425.5,750.6,434.1,558.9,589.3,406.8,4165.1,1426.8,753,431,570.8,595.6,409.1,4184.7
1984-09-01 00:00:00,1355.6,679,392.1,522.8,557.2,394.7,3901.4,1427.7,751.1,429.1,579.6,596.6,408.8,4192.8,1434.6,759.6,433.5,574.6,600.6,410.4,4212.1
1984-10-01 00:00:00,1462.7,769.3,446.3,556.6,614.5,424.5,4274,1442.9,762.8,440,576.2,608.5,414.3,4244.7,1445.5,763.1,437.6,577.5,605.8,412.6,4241.5
1984-11-01 00:00:00,1501.4,859.3,484.8,623.2,651.8,436.5,4557.1,1457,775.7,443,577.6,617.5,416.1,4287,1456.3,765.2,442.1,580.4,610.9,415,4270.9
1984-12-01 00:00:00,1686.6,1174.6,638.8,1039.4,820,488.1,5847.5,1469.3,778.2,441.2,580.7,613.1,419.2,4301.7,1468.7,768.1,447.1,585.3,615.1,418.1,4303
1985-01-01 00:00:00,1484.7,703,401.6,516.3,598.9,425.6,4130,1488.3,764,455,596.5,618.4,418.9,4341.1,1479.9,774.2,452.8,593.4,618.7,421.3,4339.8
1985-02-01 00:00:00,1397,669.4,368.2,452.5,577.9,391.8,3856.8,1493,766.4,466.6,606.5,621,425.8,4379.3,1491.8,783.2,459,604.1,620.4,425,4383.3
1985-03-01 00:00:00,1495,742.2,418.3,525.8,599.6,416.1,4196.9,1497.7,793.3,459.6,604.1,624.2,427.7,4406.6,1504.4,793.4,465.5,615.1,623.2,429.1,4431
1985-04-01 00:00:00,1474.9,721.6,450.3,587.7,574.6,419.8,4228.9,1513.7,813.8,467.4,624.1,621.7,436,4476.7,1517.5,807.1,471.7,625.2,627.1,433.7,4482.6
1985-05-01 00:00:00,1556.8,855.8,540.1,700.3,639.9,446.2,4739.1,1535.9,831.4,481.2,655,632.7,440.5,4576.7,1533.7,818.6,477.4,633,632.7,439.9,4535.2
1985-06-01 00:00:00,1453.7,742.3,452.3,561.8,573.5,406.8,4190.3,1543.3,829.8,487.9,632.5,639.2,442.3,4575.1,1551.9,827.9,482.6,638.2,638.6,447,4586.1
1985-07-01 00:00:00,1558.6,799.9,476.4,602.8,628.6,448.5,4514.6,1589.8,834.3,486.1,636,648,455.2,4649.3,1570.9,836.9,488.3,640.9,644.9,454.8,4635.5
1985-08-01 00:00:00,1585.7,815.5,467,582.5,649.6,466,4566.3,1573.8,832.8,493.5,639.1,652.2,464,4655.3,1588,845.3,494.7,642.5,650.6,463,4684.6
1985-09-01 00:00:00,1518,776.8,452.6,563.1,614.7,455.2,4380.3,1607.6,850.8,490.2,646.1,656.3,470.8,4721.8,1604.5,855.4,501.1,644.6,656.8,470.9,4734.3
1985-10-01 00:00:00,1655.7,881.3,522.9,637.1,667,493.6,4857.7,1627.4,864.6,509.3,648.5,657.3,481,4788.1,1618.8,866.8,506.1,647.3,663.5,477.9,4779.9
1985-11-01 00:00:00,1667.3,973.2,557.3,697.1,704.6,505.6,5105,1623.2,890.5,519.3,644,669.9,484.4,4831.2,1630.5,875.2,507.9,648.7,669.7,482.9,4814.6
1985-12-01 00:00:00,1867.3,1351.7,749.7,1187.5,908.1,563.9,6628.2,1647.5,895.3,515.4,651.5,681.2,486.1,4877.1,1641.6,877.9,507.1,649.2,675.8,487.3,4839.5
1986-01-01 00:00:00,1674.4,812.6,447,570.5,666.1,504.3,4674.9,1652.7,870.4,498.6,664,681.7,493.5,4860.9,1655.2,878.9,505.1,648.4,681.1,491.9,4860.4
1986-02-01 00:00:00,1558.5,763.6,399.4,478.2,641.5,452.9,4294.1,1667,874.8,505.7,647.4,692.1,492.8,4879.8,1668.4,881,503.6,648,687,497.2,4884.9
1986-03-01 00:00:00,1676.6,768,419.6,547.4,636.2,480.3,4528,1679.1,862.4,479.8,625.3,679.4,500.5,4826.5,1683.9,885.2,504.3,649.1,693.2,503.6,4919.1
1986-04-01 00:00:00,1643.7,827,504.5,594.3,662.4,497.2,4729,1695,898,511.2,643.3,701.3,511.7,4960.5,1701.7,893.8,508,653.3,698.4,511.6,4967.1
1986-05-01 00:00:00,1746.5,935.1,588.2,751.6,709.8,530.8,5261.9,1724.6,918.1,534,704.7,708.4,528.2,5118,1720.7,905.1,513.8,661.1,703.7,520.3,5024.2
1986-06-01 00:00:00,1638.5,833.6,485.7,553.4,641.8,484.8,4637.8,1751.2,922.9,518,631.9,712.4,524.5,5060.9,1736.4,917,518.8,670.3,710.3,528.2,5080.1
1986-07-01 00:00:00,1721.8,878.2,507.2,663.2,692.9,526.3,4989.5,1743.4,907.7,512,689.7,711.8,531,5095.5,1749.5,922.5,522.4,678.8,716.4,535.7,5125.6
1986-08-01 00:00:00,1720.9,898.1,484.5,581.1,700.8,538.4,4923.8,1758,945.5,531.2,688.4,723.3,548.7,5195,1757.5,924.4,524.5,685.1,721.8,541.6,5156.7
1986-09-01 00:00:00,1705.7,862.3,496.9,661.9,698.1,537.4,4962.2,1769.9,918,523,705.4,725.8,546.2,5188.3,1765.5,923.4,525.3,688.7,727.4,547.2,5177.8
1986-10-01 00:00:00,1816.4,950.6,545.5,665.6,756.7,570.4,5305.1,1763.7,918.4,522.2,684.6,737.5,550.9,5177.3,1772.5,922.3,525.7,691.6,733.3,552,5196.8
1986-11-01 00:00:00,1774.7,968.2,545.8,700.9,750.1,563.8,5303.5,1787.8,920.1,530.2,669.2,736.6,555.1,5199,1783,922,526.6,695,738.4,556.1,5220.3
1986-12-01 00:00:00,2073.6,1414,804.4,1367.9,1017,663.2,7340,1783.1,917.2,536.2,715.3,741.7,559.4,5252.8,1794.9,923,527.7,698.3,744.2,559.9,5247.4
1987-01-01 00:00:00,1830.7,861.1,461.1,613.9,726.9,571.6,5065.3,1807.7,928.8,518.7,705.4,753.1,563.2,5277,1807.6,925.2,528.4,700.4,751,562.7,5275.2
1987-02-01 00:00:00,1710.1,812.5,417.6,513.2,701.3,525.1,4679.8,1831.1,930.8,528.4,702.2,759.7,570.9,5323.2,1818.1,928.7,530.8,704,758.5,564.9,5306.3
1987-03-01 00:00:00,1791,862.3,479.3,599.9,716.8,543.6,4993,1834,939.3,538.4,711.3,757,564,5344,1829.4,934.1,535.2,708.9,766.1,568.4,5341.5
1987-04-01 00:00:00,1824.4,846.8,528.6,674.1,733.9,558.1,5166,1828.2,937,539.4,707.8,782.7,571.5,5366.6,1837.9,939,541.7,714.6,774.2,572.3,5380.2
1987-05-01 00:00:00,1823.3,933.6,585.4,714,764.8,565.1,5386.3,1848.5,944.9,552.6,709.4,781.6,576,5413,1846.5,948.2,550.6,720.2,782.8,577.3,5423.8
1987-06-01 00:00:00,1761.9,886.2,529.5,670.5,728.4,542.3,5118.9,1854.7,951.2,551.4,722.5,789.1,576.5,5445.4,1853.4,959.5,560.1,724.9,789.5,583.2,5470.8
1987-07-01 00:00:00,1856.9,958.9,579.7,720.9,779.7,598.6,5494.6,1851.3,976.5,575.1,760.3,792.2,598.4,5553.8,1860.2,976.8,568.9,727.2,794.9,589.6,5519.7
1987-08-01 00:00:00,1821,938.2,518.6,601.6,773.7,583.7,5236.7,1881.9,998.4,574.9,723.8,804.3,598.4,5581.7,1874.2,993.3,574,727,799.5,597.1,5564.9
1987-09-01 00:00:00,1830,953,563.1,672.3,783.9,592.7,5395.1,1883.6,1008.3,586,713.6,804.1,599.6,5595.2,1886,1009.2,575.9,726,802.6,603.1,5601.9
1987-10-01 00:00:00,1942.4,1058.8,596.6,709.1,814.1,623.3,5744.4,1889.2,1032.3,577.5,720.2,801.1,605.9,5626.2,1896.6,1020.8,575.6,725.9,803.9,607.2,5630
1987-11-01 00:00:00,1885.9,1084.6,587.2,743.2,822,621.9,5745,1915.9,1030.8,569.2,719.6,804.6,612.9,5652.9,1905.7,1029.6,575.2,728.1,804.9,609.6,5652.9
1987-12-01 00:00:00,2272.4,1576.1,864.5,1460.1,1109.6,739.8,8022.4,1934.9,1032.8,570.8,738.7,810.8,623,5711.1,1914.4,1037.4,576.5,733.7,804.3,611.3,5677.6
1988-01-01 00:00:00,1885.1,938.9,487,631,757.4,605,5304.4,1904.4,1032.4,559.1,758.3,801.3,603.9,5659.4,1921.8,1046.4,579.3,741.9,808.4,613.6,5711.3
1988-02-01 00:00:00,1845.2,968.3,502.6,551.1,773.5,586.1,5226.8,1911.2,1065.5,612.6,738.9,810.2,612.4,5750.7,1934.8,1055.8,584.6,749.7,812.1,619.2,5755.8
1988-03-01 00:00:00,2021.6,1035.6,551,678.1,818,625.3,5729.7,1950.6,1071.5,592.5,748.3,820.3,623.2,5806.5,1947.1,1067.8,589.7,754.7,819.4,627.5,5806.8
1988-04-01 00:00:00,1937.5,945.3,563.1,715.7,753.7,611.9,5527.3,1982.5,1061.8,588.6,765.9,823.7,640.3,5862.7,1960,1080.5,594.8,756.8,828.5,638,5858.9
1988-05-01 00:00:00,1907,1074.9,619.6,740.8,814.9,630.5,5787.8,1980.9,1102,596.5,763.9,842.2,650.8,5936.4,1972.6,1091,600.6,756.8,837.7,649.7,5908.5
1988-06-01 00:00:00,1925.7,1053.6,601.6,722,800.8,635.5,5739.2,1985.2,1110.5,608.1,756.6,852.7,663.7,5976.7,1983.8,1096.5,608.6,756.7,847.7,659.2,5953.1
1988-07-01 00:00:00,1932.6,1045.1,592.7,683.5,810.1,658.7,5722.7,1976.8,1100.2,611.1,752,856.4,672.2,5968.7,1998.6,1097.4,617.5,758.6,856.2,663.9,5992.9
1988-08-01 00:00:00,1977.6,1073.4,578,650.9,850.9,656.4,5787.3,2009.4,1103.4,625,753.8,867.2,665.4,6024.2,2020.3,1098.3,627.4,763.5,866.9,663.7,6037.7
1988-09-01 00:00:00,2035.2,1040.7,641.7,723.3,845.5,660,5946.3,2049.7,1083.5,653.1,764.8,868.3,659.1,6078.6,2043.6,1102.7,637.3,770.1,878.9,662.1,6095
1988-10-01 00:00:00,2050.7,1092.9,650.2,729.6,872.1,670.2,6065.8,2075.3,1099.2,653,783.7,889.9,665.9,6166.9,2071.3,1113.2,644.6,777.1,891.7,664.4,6162.4
1988-11-01 00:00:00,2109.5,1210.9,664.4,870.3,945,670.8,6470.9,2100.6,1124.3,633.8,794.9,904.3,653.9,6211.8,2099.4,1127.7,650.1,782.4,902.9,670.9,6234.6
1988-12-01 00:00:00,2549.7,1714.8,956.3,1570,1321.2,773.9,8885.8,2132.9,1155.1,637.2,790.5,924.1,668,6307.8,2121.8,1147.4,653.4,783.7,916.9,682.1,6301.5
1989-01-01 00:00:00,2056.1,1089.2,598,631.5,872.7,732.8,5980.3,2135.3,1197.8,684.3,779.1,941.7,721.1,6459.2,2138.8,1165.5,655.7,781.7,924.5,695.4,6356.4
1989-02-01 00:00:00,1990.2,1021.5,517,552,832.7,660.7,5574.1,2136.1,1161.7,652.5,761.5,913.8,713.4,6339.1,2152.9,1179.5,656,778.7,931,707.2,6400.6
1989-03-01 00:00:00,2261.2,1107,593,719,905.5,713.2,6299,2156.8,1176.6,651.8,788,930.7,716.8,6420.8,2163.4,1187.9,655.8,778,935.9,718.1,6438
1989-04-01 00:00:00,2104.6,1089,632.3,697.6,858.2,693.9,6075.7,2197.7,1200.1,655.6,779.9,941.2,719.2,6493.7,2178.9,1193.4,655.2,781.6,940.7,726.7,6475.5
1989-05-01 00:00:00,2139,1203.6,679.5,764.8,940.9,710,6437.8,2173.7,1203.1,641.6,773.7,955.8,726.6,6474.6,2195.6,1196.8,653.6,788.4,948.1,734.5,6517.9
1989-06-01 00:00:00,2170.3,1151.9,661.4,786.3,885.8,721.7,6377.4,2216,1204.7,663.3,808,954.6,750.2,6596.8,2216.3,1200.9,652.8,796.4,955.4,742.8,6565.1
1989-07-01 00:00:00,2163.1,1135.8,634.6,715.1,897.7,741.3,6287.5,2245.4,1201.8,658.2,806.2,959.7,761,6632.3,2236.8,1206.7,653.6,803.9,964.2,751.9,6617
1989-08-01 00:00:00,2255.1,1161.5,603,723.8,947.4,745.5,6436.4,2258.6,1191.2,646.6,815.7,965.4,753.5,6631,2257.3,1213.1,655.5,809.9,972.3,761.9,6669.4
1989-09-01 00:00:00,2262.6,1174,636.3,757.9,967.7,766.9,6565.5,2293.3,1227.4,659.9,809.7,993.6,771.1,6754.9,2275.2,1218.6,657.5,814,978.9,772.8,6717.7
1989-10-01 00:00:00,2221.7,1217.4,651.2,751.7,969.8,793.7,6605.4,2270.2,1222.8,653.6,806.4,989,789.7,6731.8,2291.7,1221.3,659,816.4,987.6,784.8,6762.3
1989-11-01 00:00:00,2327.5,1351.2,709.5,923.8,1034.8,807.5,7154.3,2284,1252.7,667.9,828.7,982.3,779.9,6795.4,2307.7,1221.9,659.9,817.3,996.5,798.1,6800.7
1989-12-01 00:00:00,2788.4,1714.2,964.7,1569.4,1415,942.7,9394.4,2371.5,1208,660.9,818.3,1006.3,822.2,6887.2,2322.7,1214.3,659.9,817,1006.3,812.8,6831.1
1990-01-01 00:00:00,2277.4,1128.5,604.5,678.2,965.4,857.5,6511.6,2315.5,1192.3,665.6,816.9,1015.2,836.3,6841.9,2336.8,1207.4,660.4,817,1011.7,823.5,6857.3
1990-02-01 00:00:00,2185.3,1048,516.7,586.2,930.4,764.4,6031,2353.3,1192,649.7,810.4,1026.2,823.7,6855.3,2351.7,1201,660.5,817.1,1017.1,830.9,6880.4
1990-03-01 00:00:00,2439.5,1148.2,604.4,726.8,990.1,840.3,6749.3,2364.8,1194.5,659.7,821.2,1021.8,841.9,6903.8,2367,1200.8,661.8,818.5,1022.7,835.4,6905.2
1990-04-01 00:00:00,2286,1083.7,635.3,744.1,922.4,804.6,6476.1,2374.5,1210.6,667.9,820.6,1017,834.9,6925.6,2382.4,1202.7,664.9,821.7,1026.1,837,6933.1
1990-05-01 00:00:00,2382.9,1211.6,712.9,815.5,1016.2,808.9,6947.9,2391.2,1213.7,669.3,811.5,1035.4,825.6,6946.8,2394.6,1206.7,668.9,825.9,1028.4,836.7,6959
1990-06-01 00:00:00,2361.9,1160.4,664.7,832.4,940.5,799,6758.9,2425.9,1214.1,674.2,852.8,1016.8,838.8,7022.6,2403.6,1207.3,672.7,829.5,1027.4,835.3,6979.2
1990-07-01 00:00:00,2302.9,1136.2,647.9,710.3,961.2,815,6573.5,2417.7,1197.6,673.9,817.4,1030.9,840.2,6977.7,2413.9,1204.5,675.5,831.1,1028.7,833.6,6988.8
1990-08-01 00:00:00,2469,1186,639.4,759.4,1029.4,828,6911.2,2425.6,1200.5,680.7,845.5,1036.9,836.6,7025.9,2422.8,1196.9,676.8,830.3,1025.4,830.7,6987.7
1990-09-01 00:00:00,2307.8,1111.3,636,741.1,980.6,812.4,6589.3,2412.7,1196.2,680.9,824.1,1025.3,822.3,6961.5,2437.6,1191.4,677.1,828,1021.2,829,6986
1990-10-01 00:00:00,2442.4,1215.3,682.8,786.6,1042.9,833,7002.9,2441.1,1179.7,669.3,814.2,1031.1,821.6,6956.9,2454.8,1189.2,677.4,825.2,1013,826.5,6991.9
1990-11-01 00:00:00,2553.4,1277,722.3,931.5,1066.6,851.5,7402.3,2484.5,1186.1,679.3,827.2,1013,821.2,7011.2,2476.6,1193.3,678.6,823.5,1007.4,825.4,7009.8
1990-12-01 00:00:00,2887.2,1659.5,985.8,1563.1,1373,945.7,9414.4,2499.1,1195,681,826.4,987.6,828.1,7017.2,2498.8,1200.3,681.2,824.5,1004.4,824.2,7038.9
1991-01-01 00:00:00,2551.9,1147.3,635.7,694,946.6,861.7,6837.2,2551.2,1204.7,681.8,817.3,998.4,832.6,7086,2518.9,1208.4,683.7,824.9,1004.1,825.6,7065.9
1991-02-01 00:00:00,2341.5,1094.5,551.5,604.7,921.3,771.1,6284.6,2520.9,1241.7,691.5,834.6,1022.6,830.4,7141.7,2526.6,1214.9,685.9,824,1009.3,826.2,7085.3
1991-03-01 00:00:00,2593.6,1133.5,603,719.2,975.4,813.3,6837.9,2537,1220.1,686.6,822,1021,819.6,7106.4,2533.6,1217.1,688.6,823.3,1017,826.9,7104.5
1991-04-01 00:00:00,2402.9,1136.3,686.3,748.2,938.5,797.4,6709.5,2516.1,1221.7,700.2,837.6,1021.8,824.8,7122.2,2538.4,1216.9,691.4,823.6,1026.1,829.3,7128.8
1991-05-01 00:00:00,2584.5,1205.3,735.1,828.2,1018,820.6,7191.7,2551.2,1197.9,687.4,816.7,1027.3,837.4,7117.9,2550,1218.4,695.4,826.8,1036.1,834.4,7167.2
1991-06-01 00:00:00,2410,1110,651.6,746.9,955.1,801.3,6674.9,2543.7,1200.9,674.8,782,1052.4,847,7100.9,2566.8,1224.5,700.1,832.7,1047,843.9,7222.5
1991-07-01 00:00:00,2540,1220.1,722.7,794.5,1040.2,829.4,7147,2609.6,1245.9,737.9,894.9,1084.8,851.5,7424.6,2588.1,1234.2,705.5,839.8,1053.4,858.3,7287.5
1991-08-01 00:00:00,2684,1231.6,664.8,770.4,1058.4,853.5,7262.7,2629.1,1263.9,712.1,843.9,1083.4,867.3,7399.6,2605.7,1243.2,709.7,846.7,1062.6,875.9,7350.2
1991-09-01 00:00:00,2452.1,1165.6,648.6,741.5,1008.2,882,6898.1,2594.9,1241.1,696.8,846.5,1049.3,891.9,7320.6,2617.3,1250.7,713.4,852.7,1062.8,893,7396.3
1991-10-01 00:00:00,2679.6,1312.5,753,858.6,1081.9,938.9,7624.4,2635.7,1270.6,729.5,862.2,1068,918.6,7484.6,2623,1251,717,856.5,1065.3,905.4,7420.6
1991-11-01 00:00:00,2693.4,1343.1,740.7,944.7,1128.7,953.8,7804.4,2636.7,1252.3,707.7,842.1,1069.6,928,7436.4,2627.1,1247.1,720.2,858.1,1069,912.2,7432.9
1991-12-01 00:00:00,2984.8,1660.7,1046.5,1600.3,1473.1,1048.3,9813.7,2620.8,1216,724.9,864.9,1064.2,919.9,7410.7,2634.3,1244.4,723.6,858.9,1076.6,915.4,7450.4
1992-01-01 00:00:00,2684.5,1203.5,695.3,740,1043.7,938.3,7305.3,2633.7,1239.2,733,866.3,1089.7,902.2,7464.1,2645.2,1246.1,727.9,861.6,1082.5,920.1,7484.3
1992-02-01 00:00:00,2562.4,1143.3,611.4,665.9,1003.6,861.5,6848.2,2646,1251.7,736.5,871.3,1082.1,895.4,7483.1,2665.5,1255.4,733.1,866.2,1088.7,924.9,7533.9
1992-03-01 00:00:00,2643.1,1199.5,645.5,701.5,1038.9,936.1,7164.6,2704.9,1273.4,729.2,853.4,1095.4,943.6,7599.8,2684.7,1264.6,736.4,869,1092.3,931.6,7580.6
1992-04-01 00:00:00,2707.1,1206.7,721.6,831.4,1036.8,932,7435.5,2718.6,1301.9,733.1,870.7,1110.3,949.9,7684.5,2706.1,1273.2,737.3,870,1091.3,935.4,7613
1992-05-01 00:00:00,2697.5,1228.4,769.2,878.6,1048.2,929.4,7551.4,2723.9,1267.5,745.8,885,1088.5,960.9,7671.5,2725,1275.8,735.5,869.3,1086.3,934.7,7627
1992-06-01 00:00:00,2584.2,1199.3,721,826,981.7,868.5,7180.7,2734,1262.9,733.8,874.2,1071.7,921,7597.5,2735.9,1279,731.1,869,1082.7,930.9,7626.4
1992-07-01 00:00:00,2754.7,1278.9,729.6,788.2,1044.4,891.3,7487,2744.4,1293.4,735.4,861.5,1077.4,905.6,7617.6,2742.1,1282,725.7,869.9,1081,922.4,7621.5
1992-08-01 00:00:00,2670.5,1194.8,633.8,723.6,1021.1,875.5,7119.3,2733.6,1265.1,704.3,850.7,1068,902.3,7523.9,2743.1,1288.7,720.2,872.1,1084.2,914.8,7623.8
1992-09-01 00:00:00,2665.6,1260.6,668.4,819.8,1077.5,914.1,7406,2754.6,1302.3,703.6,884.2,1092.3,919.4,7656.5,2744,1298.3,716.1,875.5,1092.4,910.4,7638.4
1992-10-01 00:00:00,2858.5,1379.7,747.9,902.5,1121.8,935.7,7946.1,2755.2,1334.5,723.7,887.1,1109.5,913.8,7723.8,2748.4,1311.2,714.6,880,1100.4,909.8,7664.7
1992-11-01 00:00:00,2700.6,1382.2,734,968.6,1169.8,931.8,7887,2749.3,1324,720.5,906.5,1126.6,911.4,7738.4,2755.8,1323,713.8,884.7,1108.6,908.6,7693.6
1992-12-01 00:00:00,3221.5,1817.1,1060.3,1650.9,1584.1,1045.8,10379.6,2738.4,1307.4,710.5,852.3,1117.8,907,7633.4,2764.8,1334.6,711.9,887.6,1112.6,905.7,7718.5
1993-01-01 00:00:00,2789.1,1292.7,663.8,762.1,1030.4,917.8,7455.9,2789.4,1363.8,711.6,910,1101.8,894,7770.5,2780.3,1348.3,708.3,890.9,1115.7,898.2,7741
1993-02-01 00:00:00,2610.6,1190.4,568.3,643,982.5,838.1,6833,2810.9,1345.8,707.3,886.1,1099.3,905.2,7754.6,2797.9,1358.1,704.6,894.7,1118.7,890.1,7765.1
1993-03-01 00:00:00,2795.8,1346.6,634.5,754.1,1096.6,869.8,7497.4,2812,1382.8,702.2,898,1130.9,869.5,7795.4,2816.9,1365.7,701.7,897.8,1124,883.8,7789.1
1993-04-01 00:00:00,2832.7,1274.5,668,840.7,1061.8,862.1,7539.8,2831.1,1375.3,677.7,888.9,1141.6,877.5,7792.1,2830.1,1371.1,701.7,898.3,1130.2,879.4,7811.2
1993-05-01 00:00:00,2773.6,1324.2,723,906.6,1095.7,852.1,7675.2,2843.7,1376.2,709.5,911.6,1147.8,880.1,7868.8,2839.1,1373.8,704.3,895,1136.1,878.8,7825.1
1993-06-01 00:00:00,2714.1,1308.6,711.5,887.1,1059,827.6,7507.9,2844.1,1364.3,722.6,930.9,1136.8,876.9,7875.6,2843.4,1374.3,707,889.6,1142.1,881,7834.7
1993-07-01 00:00:00,2876.2,1345.9,702.8,771.5,1095.6,882.3,7674.2,2860,1376.2,711.7,830.7,1143.5,896.7,7818.8,2844.3,1378,709.2,884.8,1149.7,887.4,7853
1993-08-01 00:00:00,2734,1300.5,639.9,728.7,1091.6,866.9,7361.4,2824.9,1377.4,707.3,872.5,1140.7,892.8,7815.7,2847.9,1389,709.8,882.6,1160.1,896.3,7887.1
1993-09-01 00:00:00,2805.7,1366.1,678.3,844.7,1165.8,904.9,7765.5,2852.5,1406.4,705.5,891.6,1177.5,903.8,7937.1,2855.3,1401.8,709,882.4,1174.1,907.9,7935.8
1993-10-01 00:00:00,2901.8,1438,703.9,886.9,1201.7,931.2,8063.3,2858.2,1421.7,699.6,900.6,1198.8,916.9,7995.8,2864.2,1418.8,708.1,885.5,1190.7,922.1,7998.9
1993-11-01 00:00:00,2872.4,1532.2,746.5,970,1285.1,963,8369.3,2896.4,1447,722.1,900.2,1226.7,941.4,8133.8,2876.9,1436,708.8,890.8,1205.3,937.5,8068.1
1993-12-01 00:00:00,3433.4,2011.8,1089.7,1710.5,1786,1099.5,11130.8,2893.2,1443.1,731.2,884.2,1244.8,957.3,8153.7,2889.6,1450.3,713.5,896.5,1217.4,952.3,8132.6
1994-01-01 00:00:00,2834.4,1373.4,665.3,745.7,1127.3,984.5,7730.6,2873.2,1449.5,713.5,885.1,1213.4,960.3,8095,2900.7,1460.5,718.8,902.9,1223.3,963.8,8184.4
1994-02-01 00:00:00,2724.2,1325.1,579.3,664.4,1100.6,901.6,7295.2,2930.4,1497,718.3,916.8,1238.8,974.6,8275.7,2912.8,1469.7,722.6,908.6,1226.9,972.2,8220.7
1994-03-01 00:00:00,3048.7,1451.4,685.9,821.5,1217.5,1015.2,8240.1,2941.4,1464.2,735.9,928.1,1234.4,990.2,8294.3,2922.3,1476.5,723.8,913.9,1233.6,977,8249.5
1994-04-01 00:00:00,2837.4,1334.8,709.4,831.7,1123,939.1,7775.5,2917.4,1474.7,735.3,904.7,1231.3,973,8236.5,2935.8,1484.6,722.7,917,1242.6,979.7,8281.2
1994-05-01 00:00:00,2848.7,1443.6,731.6,908,1187.7,941.4,8061.2,2948.5,1497.8,720.6,934.6,1247.4,972.3,8321.2,2952.8,1492.7,720.8,918.5,1253.7,981.7,8324.3
1994-06-01 00:00:00,2869.9,1456,695.9,912.6,1187.9,934.8,8057.1,2964.9,1504.5,703.9,938.9,1269,983.3,8364.4,2972.7,1501.6,721,919.9,1263.9,985.4,8381.3
1994-07-01 00:00:00,2953.3,1427.8,682.5,782.9,1216.9,1013.3,8076.6,3002.8,1485.8,710.1,863.7,1277.9,1036.3,8376.6,2996.1,1509.7,724.3,922.6,1274,1031.9,8444.9
1994-08-01 00:00:00,2964.7,1503.1,677.3,798.8,1261.3,1017.5,8222.7,3021.6,1550.8,736.9,935,1288.5,1038.7,8571.5,3020.6,1513,729.6,926.4,1281.8,1037.3,8506
1994-09-01 00:00:00,3013.5,1475.2,722.3,887,1271.9,1040.7,8410.6,3049.9,1515.4,747.6,953.5,1291.5,1044.6,8602.5,3044.3,1516.6,735.9,929.7,1287.7,1040.7,8557.8
1994-10-01 00:00:00,3081.6,1508.7,748.2,934.6,1303.5,1061.8,8638.4,3074.3,1502.9,750.7,949.3,1314,1044.7,8635.8,3064.8,1515,741,930.7,1288,1043,8593.5
1994-11-01 00:00:00,3082.7,1616.5,773.9,1000.4,1363,1070.2,8906.7,3071.4,1521.9,744.2,918.7,1286.1,1045.7,8588.1,3086.6,1516.1,745.2,930.4,1288.2,1045.1,8621
1994-12-01 00:00:00,3700,2058.9,1092.1,1817.5,1827.4,1188.3,11684.1,3110.6,1500.5,731.1,924.8,1288.4,1040,8595.6,3110.7,1519.7,748.5,930.2,1288.5,1048.5,8653.3
1995-01-01 00:00:00,3063,1463.9,703.5,752.4,1209.3,1076.3,8268.3,3133.2,1536,750.2,908.5,1299.8,1057.2,8684.8,3132.8,1530.1,752.5,931.2,1293.3,1058.2,8701.8
1995-02-01 00:00:00,2949.1,1373.3,615.7,682.5,1148.1,981.6,7750.3,3172.1,1552.9,763.2,945.1,1295.7,1063.4,8792.4,3161.1,1547.5,757.2,934.6,1303.5,1068.4,8771.1
1995-03-01 00:00:00,3244.4,1533.7,702.4,811.2,1266.3,1098.9,8656.9,3177.4,1562,760.7,946.2,1309.4,1086.5,8842.2,3192,1568.1,762.3,942.3,1315.1,1079.7,8856.5
1995-04-01 00:00:00,3151,1420.6,755.9,906,1213.2,1067.8,8514.5,3219.8,1581.4,788,965.2,1327.1,1091.7,8973.2,3224.1,1585.6,766.5,950.3,1328.8,1089.7,8944.5
1995-05-01 00:00:00,3200,1576.3,766,927.2,1307.7,1083.3,8860.4,3268.9,1595.5,748.4,943.9,1351,1108.3,9015.9,3255.2,1600.7,768.3,955.9,1345.2,1099.8,9025.8
1995-06-01 00:00:00,3179.6,1607.5,761.4,906.8,1267.7,1045,8767.9,3284.2,1646.4,774.6,955.6,1360.1,1100.8,9121.7,3283.1,1613.6,769.2,957.9,1360.2,1108.1,9093
1995-07-01 00:00:00,3212,1545.7,726.7,880.6,1302.7,1094.4,8762.1,3306.6,1614.6,761.7,953.6,1375.4,1115,9126.8,3312.7,1620.7,769.6,957.3,1372.7,1116.3,9149
1995-08-01 00:00:00,3342.3,1550.8,727.6,873.9,1360,1109.7,8964.4,3339.7,1606.1,776.2,985.7,1382.1,1120.2,9209.9,3341.1,1623,771.7,956.5,1382.1,1125.2,9198.9
1995-09-01 00:00:00,3301.7,1583,751.6,856.8,1377.1,1126.1,8996.2,3360.3,1633.4,781.4,930.9,1402.2,1138.8,9247,3366.2,1621.1,774.6,957.5,1388,1137.5,9245.2
1995-10-01 00:00:00,3369.8,1622.6,769.4,920.6,1365.9,1166.5,9214.9,3390.1,1616.1,772.3,962.5,1378.8,1150.7,9270.7,3389.5,1620,778.5,960,1391,1149.4,9287.2
1995-11-01 00:00:00,3485.3,1705.5,813.6,1067.4,1461.4,1194.3,9727.5,3418,1606.3,777,950.5,1377,1163.4,9292.2,3401.5,1618.1,782.5,963.4,1393,1161.2,9324.7
1995-12-01 00:00:00,3996.9,2212.4,1156.5,1857.2,1987.4,1314.7,12525,3437.5,1639.3,789,977.1,1409.6,1167.7,9420.2,3413.4,1619.6,785.2,966.5,1392.5,1171.3,9354.2
1996-01-01 00:00:00,3357.2,1580.7,754.8,833.1,1345.6,1213.1,9084.7,3390.7,1616,792.6,985.5,1415.6,1183.4,9383.7,3423.3,1623.8,787.3,969.1,1394.4,1176.5,9376.6
1996-02-01 00:00:00,3339,1485.5,662.9,737.1,1279.6,1128,8632.1,3432.9,1621.6,786.6,965.3,1395.8,1176.3,9378.3,3433.2,1627.2,787.7,970.5,1395.2,1180.1,9396.9
1996-03-01 00:00:00,3468.7,1582.6,717.6,812,1313.2,1180,9074.2,3437.2,1643.2,789.5,960.4,1388.3,1174.5,9393.2,3446.8,1638,788.4,971.1,1395.1,1180,9423.2
1996-04-01 00:00:00,3346.5,1498.9,758.2,895.2,1278.4,1169.3,8946.5,3463.7,1645.3,789.6,970.1,1389.9,1195.9,9454.5,3463.9,1654.1,789,971.3,1395.8,1179.4,9455.2
1996-05-01 00:00:00,3515.8,1644.5,807.1,962.8,1359.2,1145.7,9435.2,3490,1655.4,778.6,969.2,1395.6,1155.6,9444.4,3486.3,1672.4,789.9,971.2,1393.9,1172.4,9487.5
1996-06-01 00:00:00,3329.3,1610.9,755.8,908.6,1289.5,1109,9003.1,3516,1693,791.1,976.9,1408.7,1177.4,9563.1,3505.7,1688.5,791.3,969.6,1392.1,1167.2,9512.4
1996-07-01 00:00:00,3433.3,1695,777.9,908,1338.8,1138.1,9291.1,3528.5,1734.9,803.8,974,1384.6,1153.5,9579.2,3522.9,1698.7,791.8,966.7,1388.8,1154.4,9523.2
1996-08-01 00:00:00,3577.3,1664.9,746.1,888.9,1363.3,1145.7,9386.1,3525.8,1718.1,793.4,971,1388.3,1147.4,9543.9,3535.5,1704.5,790.5,962.4,1384.5,1140.7,9517
1996-09-01 00:00:00,3377.2,1583.8,739.9,833.7,1317.4,1104.9,8956.8,3552,1665.3,786,948.7,1367.4,1129.5,9448.8,3546.7,1703,789,959.3,1382.3,1127.9,9507.1
1996-10-01 00:00:00,3648.3,1740.4,806.1,933.7,1404.8,1142.2,9675.6,3553.2,1705,787.8,938,1386.9,1112.4,9483.3,3558,1702.9,787.7,961.1,1384.6,1119.4,9512.9
1996-11-01 00:00:00,3649.2,1798.7,808,1081.6,1463.1,1129.4,9930.1,3578.6,1701.7,774.2,973.2,1388,1107.4,9523.1,3571.8,1702.2,786.8,967.1,1390.9,1116.5,9540.8
1996-12-01 00:00:00,4034.4,2296.1,1148.8,1837.6,1975.8,1230.8,12523.5,3565,1716.9,788.9,982.2,1409,1107.6,9569.5,3586.8,1705.2,787.7,975.3,1402.2,1121.2,9588.3
1997-01-01 00:00:00,3688.2,1686,777.1,840.9,1344.2,1180.1,9516.5,3613.2,1699.9,802.7,972.4,1402.2,1143.4,9633.8,3603.9,1711.6,789.9,981.1,1415.2,1131.3,9644.4
1997-02-01 00:00:00,3363,1576.9,639.8,727.4,1269.3,1059.5,8636,3621.4,1782.5,791.1,1014.8,1440.8,1152.3,9803,3615,1718.5,793.1,982,1428.7,1143.8,9694.6
1997-03-01 00:00:00,3676.9,1608.8,700.9,857.9,1332.5,1148,9325,3648.7,1738.9,793.7,980.8,1444.7,1158,9764.8,3626.6,1723.2,796,977.6,1440.3,1156,9731.8
1997-04-01 00:00:00,3480.1,1610.8,775.5,849,1364.4,1141.3,9221.1,3601.3,1709,786.2,942.8,1447.8,1155.4,9642.5,3633.6,1727.5,798.3,971.7,1452.9,1165.2,9759.4
1997-05-01 00:00:00,3682.6,1712.9,845.3,994.8,1413.2,1170.3,9819.1,3644.8,1742.4,818,983.2,1462.7,1174.2,9825.3,3640.6,1730.7,800.2,969.1,1463.3,1170.7,9785.2
1997-06-01 00:00:00,3414.8,1664.3,749.4,830.2,1344.5,1113.5,9116.7,3668.5,1736.3,797.5,940.5,1471,1179.5,9793.3,3646.7,1732.4,801.8,972.3,1472.2,1174.5,9816.4
1997-07-01 00:00:00,3652.3,1698,791.7,971.1,1441.7,1164.6,9719.3,3679.4,1736.1,806.9,1000.9,1481.8,1172.7,9877.8,3694.2,1734.5,805.1,979.4,1482,1177.2,9856.9
1997-08-01 00:00:00,3669,1662.9,740.1,836,1443.5,1173.3,9524.8,3703.6,1731.9,802.2,980,1490.3,1186.7,9894.7,3708.8,1737.8,809.4,988.3,1489.5,1178.7,9906.8
1997-09-01 00:00:00,3585.7,1678.9,777.5,939.1,1461.3,1154.1,9596.6,3730.1,1740.3,811.9,1018,1497.5,1172.7,9970.5,3730.9,1747,815,996.6,1494.2,1176.5,9960.1
1997-10-01 00:00:00,3879.4,1811.1,841.7,976.9,1523.2,1204.8,10237,3743.2,1754.6,820.8,998.1,1497.5,1163.6,9977.9,3752.8,1759,820.7,1001.1,1497.1,1173,10006.4
1997-11-01 00:00:00,3794,1835.5,863.6,1111.3,1552.9,1183.7,10340.9,3784,1777.2,837.6,995.5,1499.8,1174.6,10068.6,3775.1,1775.8,826.3,1002.9,1499.8,1168.3,10042.4
1997-12-01 00:00:00,4339.8,2418.4,1231.1,1879.1,2143.1,1306.7,13318.2,3790.8,1789.8,832.1,989.2,1496.9,1173.4,10072.2,3791.8,1792.9,830.6,1004.8,1501,1161.7,10068.7
1998-01-01 00:00:00,3973.8,1724.9,803.2,917.3,1437.6,1185.9,10042.7,3870.9,1742.6,829,1026.4,1507.8,1152.3,10129.1,3842.9,1726.8,834.4,1004.4,1502.9,1156.5,10082.5
1998-02-01 00:00:00,3571.6,1531.3,681,716.2,1322.4,1050,8872.4,3850.1,1730.4,844.6,1002.5,1504.2,1145.3,10077.1,3852.8,1737,839.3,1003.6,1504,1151,10091.6
1998-03-01 00:00:00,3799.6,1660,749.7,822.9,1402.3,1141.1,9575.7,3850.7,1739.5,833,992.1,1497.7,1148.5,10061.5,3866.5,1737.5,846.9,1003,1505.1,1154.1,10103.9
1998-04-01 00:00:00,3832.3,1602,829.8,970.1,1415.8,1106.7,9756.6,3858.7,1746.9,856.2,1022.5,1515.4,1119.8,10119.4,3884.2,1734.8,857.5,1004.2,1505.8,1128.6,10126.6
1998-05-01 00:00:00,3882.4,1677,894,970.2,1432.9,1144.2,10000.6,3914.8,1726.8,877,1002.7,1502.3,1153.3,10176.7,3904.8,1734.8,870.9,1006.6,1511.3,1137.2,10164.9
1998-06-01 00:00:00,3705.2,1668.8,835,849.4,1409.5,1088.2,9556.1,3958.6,1726.5,879.6,954.6,1523.3,1147.5,10190,3933.1,1730.2,883.7,1011,1516.7,1147.7,10220.3
1998-07-01 00:00:00,3951.3,1699.6,888.2,1042.3,1481.7,1162.2,10225.4,3941.7,1717.7,903.2,1079.2,1514.4,1157,10313.2,3960.9,1725.1,894.3,1015.4,1521.9,1158,10276.3
1998-08-01 00:00:00,3888.9,1649.9,822.5,869.9,1459.4,1144.8,9835.4,3988.9,1729.3,903.3,1014.4,1520.4,1162.2,10318.5,3987.2,1723.2,900.9,1019.8,1528.5,1168.6,10326.1
1998-09-01 00:00:00,3897.8,1685,869.3,939.4,1518.7,1149.5,10059.8,4015,1734,901.1,1019.8,1549.5,1168.4,10387.8,4009.1,1722.9,902.7,1023.9,1533.2,1177.2,10369.9
1998-10-01 00:00:00,4213.3,1783.6,928.8,1021.3,1567.9,1258.6,10773.4,4050.8,1734.9,906.5,1014.8,1551.3,1215.2,10473.6,4033.5,1724.6,902.2,1029.2,1540.6,1186.1,10416.3
1998-11-01 00:00:00,4003.3,1776,925.5,1137.7,1599.4,1200.8,10642.7,4050.8,1706.1,901.4,1039.9,1545.6,1191.4,10435.2,4056.8,1740.1,902.3,1035.3,1547.6,1193.1,10473.6
1998-12-01 00:00:00,4690.1,2323.2,1348.5,1975.7,2189.7,1310.2,13837.5,4025,1738.9,898.5,1013.6,1522.8,1173.3,10372,4087,1756,905.9,1041.2,1554.9,1199.2,10545.7
1999-01-01 00:00:00,4218.6,1775.4,866.6,942,1490.5,1244,10537.1,4164.9,1798.2,906.5,1092.9,1583.3,1222.6,10768.4,4119.2,1778.5,912.7,1045.9,1569.4,1214.8,10630.7
1999-02-01 00:00:00,3844.3,1597.2,736.7,738.4,1389.2,1124.4,9430.1,4147.3,1805,916.5,1036,1583.9,1229.7,10718.2,4143.8,1803.7,923.1,1047.5,1582.5,1228.4,10716
1999-03-01 00:00:00,4250.9,1733.6,864.4,903.2,1542.5,1245.4,10540,4191.3,1780.7,940.2,1054.4,1598.6,1234.9,10800.1,4165.1,1821,932.8,1044,1595.7,1242.2,10787.6
1999-04-01 00:00:00,4091.1,1681,930.6,953.2,1498.9,1236,10390.7,4162,1844.5,966.6,1025,1618.1,1253.8,10870,4181.1,1835.1,940.9,1039.8,1604.8,1254.9,10843.9
1999-05-01 00:00:00,4079,1764.5,937,1011.2,1517.9,1271.4,10581,4187.9,1843.3,928.8,1042.7,1606,1289.3,10898,4194.6,1844.8,947.1,1038.5,1614.3,1261.3,10888.9
1999-06-01 00:00:00,3961.9,1779,915.5,894.4,1505.8,1208,10264.8,4200.9,1836.3,957.9,1019.7,1615.7,1277.2,10907.7,4207,1856,952.9,1042.3,1621.5,1258.5,10934.5
1999-07-01 00:00:00,4239.4,1817.4,913.3,1054.5,1581,1219.2,10824.9,4217.6,1849.2,934.3,1054.9,1621.8,1212.3,10890.1,4221.8,1876.7,957,1050.7,1630.2,1256.4,10993.9
1999-08-01 00:00:00,4117.8,1830.7,888.6,899.5,1585.1,1233.6,10555.3,4253.4,1898.3,979.7,1074.2,1637.2,1250.7,11093.5,4243,1893.1,962.7,1060.8,1634.4,1259.3,11066
1999-09-01 00:00:00,4184,1894.3,939.6,1002.3,1627.4,1261.3,10908.9,4264.2,1946.8,973.4,1072.1,1661.7,1276.6,11194.9,4262.8,1915.7,968.9,1069,1637.9,1267.6,11131.3
1999-10-01 00:00:00,4373.6,2000.7,982.2,1043.7,1622.2,1314.4,11336.8,4271.3,1950.3,970.5,1075.5,1624.5,1274.6,11166.7,4282.9,1933.5,974.9,1073.6,1640.7,1276.8,11178.5
1999-11-01 00:00:00,4273,2037,1022.2,1207.2,1726.2,1318.3,11584,4302,1933.7,981.8,1072,1650.1,1309,11248.6,4299.1,1944.1,978.1,1074.1,1642.4,1284.6,11197
1999-12-01 00:00:00,5099.8,2568.3,1471.2,2069.6,2352.7,1455.3,15016.9,4324.6,1916.4,971.2,1070.9,1633.4,1284.6,11201.2,4309.4,1949.3,980.2,1072.5,1642,1291.4,11188.1
2000-01-01 00:00:00,4247.2,1924.7,903.4,924.9,1496.6,1297.4,10794.2,4251.8,1966.5,955.5,1070.5,1607.4,1290.8,11142.5,4250.9,1957.7,945.1,1071.5,1605.6,1292.9,11167.4
2000-02-01 00:00:00,4069.7,1813.6,764.5,798.2,1462.1,1206.7,10114.8,4252.9,1977.1,917.3,1081,1607.7,1282.2,11118.2,4253.8,1961.7,948.6,1072.3,1609.2,1295.2,11154.6
2000-03-01 00:00:00,4353.4,1919.9,877.4,901.9,1553,1324.6,10930.1,4249.3,1986.9,944.4,1054.8,1613.8,1306.9,11156.1,4259.5,1972.8,953.6,1075.6,1616.2,1293.8,11163.2
2000-04-01 00:00:00,4174.4,1769.8,905.7,1024.7,1482.8,1252.5,10609.9,4260.4,1956.7,951.6,1091.7,1622.4,1280.9,11163.7,4263.6,1982.9,958.2,1082.5,1623.7,1290.4,11194.1
2000-05-01 00:00:00,4161.7,1985.7,995.2,1052.3,1575.8,1282.1,11052.7,4261.3,2058.5,977.9,1096.7,1637.3,1296.7,11328.4,4272.6,1993.5,962.2,1093.4,1630.5,1292.6,11244.3
2000-06-01 00:00:00,4175.1,2346.3,1103.9,1165.5,1609.6,1274.7,11675.2,4346.8,2393.9,1147.2,1311.6,1716.7,1325.4,12241.6,4281.2,2004.3,964.5,1104.8,1639.6,1298,11304
2000-07-01 00:00:00,4221.2,1875.7,808.6,859.3,1522.5,1317.9,10605.2,4334.4,1946.5,853,885.3,1596.7,1327.5,10943.4,4372.2,2034,947.5,1119,1667.8,1343.1,11455.8
2000-08-01 00:00:00,4362.9,2013.1,853,1009.2,1623.6,1328.8,11190.6,4390,2062.5,925,1160.4,1644.8,1336.2,11518.8,4376.4,2047.3,950.3,1123.1,1673.8,1352.8,11506.9
2000-09-01 00:00:00,4315.6,2015.7,986.4,1054.6,1642.7,1432.4,11447.4,4388.1,2063.5,1018.6,1133.8,1684.6,1447.5,11736.2,4382,2059.3,954.9,1122.7,1678,1364.1,11557.1
2000-10-01 00:00:00,4384.7,2098.2,957.7,1070.4,1692.6,1460.8,11664.4,4378.9,2051.8,953.6,1116.3,1699.9,1426.6,11627.1,4395.6,2072.4,962.5,1121.1,1689,1382.6,11617.6
2000-11-01 00:00:00,4450.9,2213.3,1022.4,1232.5,1792.5,1416.3,12127.8,4390.6,2094.9,967.9,1079.1,1698.7,1398.6,11629.7,4418.2,2084.8,972.4,1121.2,1701.7,1401.5,11698.3
2000-12-01 00:00:00,5194.1,2776,1499.7,2177.5,2381.5,1538.6,15567.3,4480.4,2102,1001.7,1138.7,1685,1375.8,11783.5,4452.5,2101,983,1124.4,1718.8,1422.9,11801.3
2001-01-01 00:00:00,4486.2,2095.8,945.7,971.9,1641.7,1470.8,11612.2,4465.4,2113.2,988.5,1132.4,1737.9,1458.7,11896,4492.8,2116.8,992.7,1130.8,1735.1,1446.5,11918.1
2001-02-01 00:00:00,4221.3,1887.4,800.3,814.6,1563.5,1338,10625.2,4561.2,2140.5,994.3,1144.2,1785.7,1469.9,12095.8,4540.4,2134.8,1001.4,1139.9,1753.8,1460.5,12038
2001-03-01 00:00:00,4699.1,2063.2,945.4,1017.5,1694.1,1521.2,11940.5,4572.1,2148.4,1015,1162.2,1771.7,1507,12176.4,4580.3,2157.7,1009.6,1148.1,1770.2,1469.8,12149.8
2001-04-01 00:00:00,4497.1,1982.7,989.6,1039.2,1626.9,1441.3,11576.8,4639.9,2188.2,1051.2,1131.5,1773.5,1465.8,12250.2,4614.6,2182.4,1016.7,1150.1,1783.3,1477.8,12240.7
2001-05-01 00:00:00,4603,2118.3,1056.3,1123.5,1728.6,1446.1,12075.8,4646.1,2201.9,1035,1156.4,1784.6,1458.6,12282.6,4641.4,2207.8,1022.2,1145.9,1791.5,1480.1,12307.5
2001-06-01 00:00:00,4458.2,2205.1,989.3,1024.9,1674.2,1397.6,11749.3,4665,2263.2,1026.9,1144.7,1799.9,1466.1,12365.7,4669.2,2234.1,1026.5,1138.8,1794.4,1476.6,12356.8
2001-07-01 00:00:00,4532.8,2217.5,976.7,1100.8,1733.8,1477.4,12038.9,4676.9,2280.9,1038,1150,1806.9,1483.4,12436.1,4697.7,2256.1,1030.1,1134.1,1797.5,1474.9,12401.1
2001-08-01 00:00:00,4745.1,2253.1,947.1,963,1792.2,1504.6,12204.9,4725.2,2292.9,1025.1,1107.4,1802.8,1489.4,12442.8,4729.6,2279.2,1034.5,1134.2,1802.3,1472.1,12455.7
2001-09-01 00:00:00,4606.5,2188.7,985.1,1012.9,1718.8,1437.2,11949.3,4771.1,2273.4,1031.1,1115.2,1797.1,1474.2,12462.2,4766.8,2302.9,1042.5,1140.6,1808.2,1467.8,12529.8
2001-10-01 00:00:00,4863.1,2404.9,1079.5,1132,1829.9,1488.5,12797.9,4810.7,2330,1061,1163.3,1814.1,1447.8,12627,4805.5,2329.8,1055.1,1151.4,1817.5,1462.8,12621.3
2001-11-01 00:00:00,4941.5,2517.4,1128.2,1344.8,1944.2,1482.9,13359,4839.7,2349,1062.5,1176.3,1827.8,1449.4,12704.7,4847.2,2355.4,1070.7,1163,1828.1,1458.8,12721.9
2001-12-01 00:00:00,5543,3113.9,1616.1,2269.5,2589.6,1611.4,16743.5,4875.9,2388,1089.6,1193.6,1844,1459.5,12850.6,4882.2,2382.6,1087.5,1174.4,1844.4,1457.1,12827.6
2002-01-01 00:00:00,5044.6,2438.8,1072.6,1027.9,1769.9,1482.1,12836,4944.3,2454.1,1110.4,1172.6,1871.7,1465.8,13018.9,4908.2,2415.2,1101.6,1183,1864.4,1458.3,12932.7
2002-02-01 00:00:00,4559.4,2123.9,895.5,841.4,1642.5,1329.8,11392.4,4927.7,2416,1115.2,1178.5,1874.9,1462.3,12974.7,4931.8,2449.7,1109.4,1188.5,1884.7,1465.5,13028.5
2002-03-01 00:00:00,5098.2,2296.4,1016.1,1043.9,1795,1478.9,12728.5,4952.3,2445.4,1112.8,1184.3,1901.1,1473.5,13069.4,4953.5,2482.3,1110.3,1191.3,1900.5,1472.7,13112.4
2002-04-01 00:00:00,4747.6,2336,1058.2,1075.3,1778.3,1460.4,12455.8,4945,2525,1103.8,1189.3,1922.3,1487.2,13172.6,4979.4,2510.1,1107.4,1193.4,1919.1,1483.6,13190.4
2002-05-01 00:00:00,5028.5,2478.6,1139.2,1190.9,1898.8,1481.9,13217.9,5026.9,2567.8,1120.3,1240.1,1950,1476.8,13381.9,5005.6,2530.8,1103.7,1193.7,1930.8,1494.8,13261.2
2002-06-01 00:00:00,4716.1,2475,1029.5,1143,1762.1,1424.9,12550.6,5024.1,2566,1077.4,1165.7,1925.5,1513.7,13272.4,5038.2,2544,1103.1,1193.7,1941.1,1507.1,13325.7
2002-07-01 00:00:00,4971.5,2465.3,1033.3,1075.7,1870.2,1527.3,12943.3,5080,2520.7,1095.2,1200,1927.9,1527.3,13351.1,5068.3,2551.3,1109,1196.8,1946.2,1515.8,13388.6
2002-08-01 00:00:00,5145.5,2501.2,1050.6,1065.9,1946.9,1551.6,13261.7,5100.4,2546.8,1134.6,1190.5,1975.7,1537.2,13485.3,5104.8,2553.1,1120.7,1205.3,1945.5,1525.1,13452.5
2002-09-01 00:00:00,4912.5,2460.6,1079,1060.1,1880.9,1495.1,12888.3,5143.5,2547.4,1136.2,1209.8,1960.4,1528.5,13525.8,5134.8,2551.7,1134.9,1219.3,1946.8,1530.2,13517.1
2002-10-01 00:00:00,5283.5,2635.3,1170,1211.4,1942,1556.6,13798.9,5152.8,2543.7,1137.1,1219.5,1916,1505.1,13474.3,5164.7,2550.8,1147,1235.8,1946.1,1535,13581.8
2002-11-01 00:00:00,5300.6,2752.9,1250.2,1495.1,2047.7,1571.9,14418.4,5213.3,2574.9,1178,1303.2,1939.7,1547.3,13756.4,5191.5,2551.8,1155.4,1251.7,1946.2,1544.7,13642.2
2002-12-01 00:00:00,5862.1,3366.1,1730.9,2338.6,2769.7,1734,17801.4,5193.3,2570.1,1170.8,1265.3,1953.3,1571.4,13724.1,5218.2,2551.7,1160.4,1263.6,1948,1555.7,13698.5
2003-01-01 00:00:00,5402.8,2528.5,1108.8,1099.3,1876.5,1620.4,13636.3,5243.3,2533.6,1145.6,1256.1,1976.9,1587.3,13742.8,5234.6,2553.7,1163.4,1270.4,1959.3,1568.6,13750.1
2003-02-01 00:00:00,4861,2231.8,925,900.5,1727.3,1421.8,12067.5,5255.7,2546.1,1152.7,1255.3,1971.9,1565,13746.6,5254.4,2561.3,1167,1274.1,1968.2,1583.4,13806.4
2003-03-01 00:00:00,5280.2,2430.7,1072.8,1092.7,1839.2,1574.2,13289.7,5284.3,2574.8,1167.2,1280.5,1953.9,1583.4,13844.1,5268.5,2578.7,1171.7,1275.8,1982.2,1597.9,13871.5
2003-04-01 00:00:00,5171.5,2368.9,1144.4,1222.4,1851.6,1589.1,13347.9,5263.3,2605.7,1208.7,1296.1,2004.1,1617.4,13995.3,5276.6,2605.9,1176.5,1277.5,1997.3,1614.7,13948.8
2003-05-01 00:00:00,5316.3,2539.9,1188.2,1237.1,1958.4,1657.4,13897.3,5309.2,2643.1,1171.2,1279.1,2030,1659.9,14092.6,5287.2,2641.8,1181.4,1280.3,2018.8,1636.3,14042.8
2003-06-01 00:00:00,4895.4,2595.6,1130.4,1237.9,1870.4,1554.2,13284,5258.7,2678.8,1185,1282.9,2029.5,1640.2,14075.1,5295.2,2681,1187,1285.7,2044.5,1660.7,14158.4
2003-07-01 00:00:00,5296.9,2675.1,1130.1,1182,2021.9,1699.4,14005.4,5335.5,2729.5,1190.5,1278.6,2078.5,1692,14304.5,5317.7,2716.1,1193.5,1292.5,2075.1,1693,14288.3
2003-08-01 00:00:00,5286.8,2665.2,1097.2,1101.2,2045.1,1737.8,13933.3,5335.8,2735,1196.2,1295.6,2102,1732,14396.6,5345.5,2744.5,1202.6,1301.1,2107.2,1724.4,14430.2
2003-09-01 00:00:00,5192.1,2726.7,1166.3,1198.2,2063.2,1709.4,14055.9,5386.8,2785.7,1209.3,1311.8,2134.2,1750.8,14578.7,5380,2765.4,1215.4,1311,2132.9,1757.5,14576
2003-10-01 00:00:00,5583.9,2903.8,1270.2,1316.1,2236.2,1878.4,15188.7,5402.8,2783.4,1232,1336.6,2188.8,1790.3,14734,5424.2,2779.4,1229.3,1319.7,2188,1791.2,14716.8
2003-11-01 00:00:00,5498.8,2948.3,1319.3,1528.2,2322,1838.4,15455,5483.2,2784.6,1252.1,1342.3,2228.9,1825.1,14916.2,5468.1,2794.7,1240.1,1324.9,2196.2,1822.5,14839.7
2003-12-01 00:00:00,6269.7,3650.5,1854.6,2424.2,3137.1,2048.3,19384.4,5499.6,2781.4,1251.7,1306.7,2199.4,1846.8,14885.7,5514.2,2807.8,1245.2,1326.7,2193.3,1847.8,14934
2004-01-01 00:00:00,5769.9,2829.9,1217,1182.9,2039.8,1895.2,14934.7,5587.6,2831.4,1248.8,1324,2165.8,1871.9,15029.6,5552.5,2820,1246.8,1328,2187.4,1866.8,15003.9
2004-02-01 00:00:00,5311.8,2545.4,1033.1,989.8,1942.6,1765.8,13588.5,5589.1,2825.9,1250.9,1338.3,2151,1883.6,15038.8,5590.7,2831,1247.9,1332,2179.9,1877.9,15062.8
2004-03-01 00:00:00,5602.4,2746.3,1130.9,1131.4,2117.1,1872.8,14600.9,5604,2891.5,1227.4,1327.1,2216,1883.2,15149.2,5623.1,2838.8,1251.1,1340.5,2179.3,1882.4,15114.6
2004-04-01 00:00:00,5627.7,2569.2,1190.7,1277.1,2013.5,1873.7,14552,5636.9,2819.9,1254.7,1354.5,2169.1,1880.9,15116,5651.3,2844,1259.3,1353.2,2187.3,1877.2,15170.9
2004-05-01 00:00:00,5542.3,2675.2,1265.6,1280.3,2075.5,1846.2,14685.1,5677,2827,1272.3,1371.4,2190.5,1870.1,15208.3,5678.7,2848.2,1271.3,1367.9,2201,1872.7,15236.7
2004-06-01 00:00:00,5406.3,2793.8,1261.2,1384.1,2075,1758.5,14679,5748.7,2855.1,1300.2,1383.1,2222.7,1857,15366.8,5697.1,2857.2,1283.6,1382,2216.8,1868.7,15308.1
2004-07-01 00:00:00,5722.7,2843.3,1233.3,1305.9,2171.6,1878.2,15154.9,5691.2,2884.8,1294.1,1395.5,2235.8,1853.9,15355.3,5711.3,2874.4,1292,1391.1,2229,1863.3,15375.1
2004-08-01 00:00:00,5569.3,2798.1,1185,1166.8,2162.3,1850.1,14731.7,5704.7,2875.2,1290.5,1389.5,2225.3,1862.3,15347.6,5719.9,2896.9,1295.5,1393.7,2244.4,1858.9,15426.5
2004-09-01 00:00:00,5622.8,2848,1272.5,1317.9,2221.4,1921.5,15204.1,5740.3,2924.9,1308.5,1408.6,2282.4,1949.1,15613.8,5729.1,2922.4,1295.3,1390.7,2251.7,1849,15455.9
2004-10-01 00:00:00,5819.7,3078.3,1324.9,1358.3,2273.3,1914.5,15769.1,5702.9,2970.6,1288.5,1392.8,2263.6,1840.1,15458.5,5726.9,2945.3,1294.8,1388.3,2252.7,1843.1,15470.4
2004-11-01 00:00:00,5753.4,3185.1,1349.9,1536.7,2352.9,1839.9,16017.9,5745.3,2976.6,1280.2,1378.3,2232.8,1821.8,15434.9,5732.1,2961.7,1296.7,1389.1,2250.6,1832,15473.7
2004-12-01 00:00:00,6753.1,3877.3,1915.2,2500.8,3209.8,2041.9,20298.1,5802.4,2940.3,1294.3,1342.1,2232.9,1816.9,15428.9,5732.7,2975.6,1300.8,1391.6,2246.4,1821.1,15471.7
2005-01-01 00:00:00,5710.3,2963.1,1273.7,1246.3,2074.7,1798.7,15066.7,5660,2996.2,1327.3,1417.6,2235.9,1802,15439.1,5745.9,2985.4,1306.9,1394.5,2236.1,1811.5,15472
2005-02-01 00:00:00,5336.4,2622.9,1055.6,1037.3,1979.9,1661.2,13693.5,5764.5,3001.1,1309.9,1427.9,2249.4,1830.5,15583.4,5754.7,2992.6,1312.9,1396.6,2232.4,1809,15480.9
2005-03-01 00:00:00,5936.5,2782.9,1210.4,1300.8,2117.9,1780.3,15128.9,5767.2,2998.2,1322.9,1434.6,2217.8,1798.3,15539.1,5775.3,3000.8,1317.9,1397.5,2227.3,1811.4,15506.8
2005-04-01 00:00:00,5710.9,2787.4,1221.3,1153.7,2060.3,1809,14742.6,5844.8,2994.1,1270.3,1264.5,2221.5,1811.8,15407,5807.8,3010.4,1321.2,1398.1,2219.6,1816.7,15550.1
2005-05-01 00:00:00,5661,2879.3,1308.9,1264.2,2098.2,1788.9,15000.6,5828,3030.3,1320.4,1385.6,2206.6,1820.4,15591.3,5851.7,3020.3,1323.5,1397.9,2211.3,1821.2,15601.5
2005-06-01 00:00:00,5582.8,2969.3,1310.1,1454.2,2074.5,1768.9,15159.8,5876.9,3031.1,1343.1,1420.7,2213.6,1846.8,15732.3,5898.9,3025.9,1326.4,1397.4,2196.9,1828.6,15658.2
2005-07-01 00:00:00,5888.5,2964.4,1237.2,1290.1,2090,1869,15339.3,5942.7,3022.2,1310,1401.1,2177.5,1852.1,15705.6,5945.7,3029.3,1329.5,1396.4,2182.8,1839.1,15713.3
2005-08-01 00:00:00,5929.6,2984.4,1235.8,1210.7,2125.1,1813.4,15299,6022.5,3053.4,1336,1410,2175.2,1813.5,15810.6,5981,3031.7,1331.7,1392.4,2167.7,1852.6,15760.4
2005-09-01 00:00:00,5931.4,2971,1315.5,1277.8,2094.3,1845.8,15436,6028.7,3028,1344.4,1388.7,2151.3,1862.7,15803.7,6009.6,3033.7,1332.7,1384.3,2160.2,1874.9,15799.1
2005-10-01 00:00:00,6100.1,3099.2,1368.8,1314.4,2142.3,1978.1,16002.8,6029.4,3013.9,1333.3,1356.5,2148,1912.1,15793.2,6033.6,3037.9,1332.7,1374.2,2160.8,1893.8,15833.5
2005-11-01 00:00:00,6071.2,3252.9,1400.9,1540.4,2290.4,1965,16520.8,6032.7,3044.3,1329.6,1364.3,2163.7,1937.1,15871.7,6052.5,3045.4,1332.9,1368.2,2169.6,1911.6,15880.5
2005-12-01 00:00:00,7083.5,4088.1,1958.3,2536,3136.2,2152.8,20955,6062.3,3081.7,1321.5,1355.6,2188.1,1925.4,15934.5,6080.8,3056.5,1334.8,1370.7,2184.7,1925.3,15953.4
2006-01-01 00:00:00,6113.6,3036,1289.2,1193.7,2068.4,1913.8,15614.7,6106.8,3061.3,1347.8,1370.3,2218.6,1938.2,16043.1,6115.7,3071.3,1338.4,1379.3,2204.2,1941.7,16051.8
2006-02-01 00:00:00,5704.1,2692.5,1084.3,1037.7,1962.4,1750.1,14231,6166.3,3089.4,1344.7,1425.4,2228.8,1929.3,16183.8,6161.5,3092.5,1343.9,1389.8,2226.7,1955.7,16168.9
2006-03-01 00:00:00,6335.1,2953.4,1242.8,1204.5,2149.1,1983.8,15868.7,6234.7,3110.6,1345.1,1382.4,2222.1,1967.7,16262.6,6211.6,3115,1351.2,1400.1,2246.1,1971.3,16294.4
2006-04-01 00:00:00,6139.3,2804.1,1290.5,1348.6,2070.2,1966.5,15619.2,6251.7,3124.7,1370.5,1429.9,2279.7,2000.5,16457.1,6257.9,3138.3,1359.6,1405.2,2264,1990.2,16412.4
2006-05-01 00:00:00,6133.3,3026.2,1349,1267.6,2177.8,2005.1,15959,6289.4,3186.1,1362.1,1376.3,2276.1,2029.7,16519.7,6295,3161.1,1369.2,1404,2276.4,2010.4,16517.5
2006-06-01 00:00:00,6071.6,3148.2,1346.9,1429,2167.3,1943.6,16106.6,6355.6,3179.7,1378.8,1411.7,2303.6,2016.1,16645.5,6333.2,3186.9,1380.3,1398.7,2287.9,2024.8,16610.7
2006-07-01 00:00:00,6197.4,3120.4,1304,1412,2161.5,2019.2,16214.5,6351.9,3220.9,1385.4,1404.5,2281.1,2032.8,16676.6,6365.7,3207.5,1392,1393.8,2295.3,2035.9,16692.6
2006-08-01 00:00:00,6368.5,3150.1,1324.9,1239.2,2275.9,2043.2,16401.9,6386.5,3200.3,1405.5,1404.3,2308.4,2038.3,16743.3,6400.1,3225.1,1402.2,1393,2302.7,2041.1,16765.9
2006-09-01 00:00:00,6296.9,3196.1,1384.2,1219.1,2213.6,2038.7,16348.7,6436.4,3261.8,1419.3,1341.1,2297.2,2060.2,16816.1,6439.2,3237.1,1409.1,1396.2,2307.3,2046,16835.7
2006-10-01 00:00:00,6567.2,3346.8,1464.3,1344.6,2319.4,2113.3,17155.7,6519.2,3256.7,1425.6,1422.3,2311.8,2054.9,16990.5,6480.6,3255.6,1413.5,1404.8,2311.3,2054.2,16917.3
2006-11-01 00:00:00,6614.2,3494,1486.1,1623.3,2473.4,2109.4,17800.4,6495.9,3283.6,1407.1,1430.7,2326,2058.2,17001.5,6519.7,3280.8,1418.2,1418.9,2317.9,2066,17022.4
2006-12-01 00:00:00,7569.8,4301.3,2056.6,2611.1,3306.8,2297.3,22142.8,6551.9,3254.9,1412.2,1442.2,2329.2,2059.3,17049.7,6566.4,3312.4,1422.6,1434.5,2322.7,2086.6,17142.9
2007-01-01 00:00:00,6638.4,3332.3,1354.6,1267.3,2165.5,2097.1,16855.2,6609.7,3348.2,1420.1,1433.5,2307.5,2117.8,17236.8,6611.3,3347.1,1427.7,1449.1,2326.5,2108.3,17267
2007-02-01 00:00:00,6172.9,2963.4,1165,1047,2044,1939,15331.4,6674.5,3413.6,1442.6,1448.1,2323,2138.4,17440.3,6655.7,3375.3,1434.6,1458.9,2323.6,2133.3,17384.6
2007-03-01 00:00:00,6863,3283.3,1368.3,1331.6,2279.5,2191.9,17317.7,6707.6,3444.8,1465.3,1517.1,2354.8,2174.9,17664.6,6706.9,3393.4,1444.2,1463.8,2322.1,2156.9,17491.7
2007-04-01 00:00:00,6600,3010.1,1359.1,1302.6,2108.5,2134,16514.4,6766,3379.3,1456.3,1434.5,2329,2176.9,17542.1,6759.1,3408.1,1455.3,1465.9,2328.4,2177.4,17592.8
2007-05-01 00:00:00,6691.7,3239.8,1430.3,1365.1,2228.1,2145.5,17100.4,6793.7,3397.8,1416.9,1459.8,2305.1,2170.1,17543.4,6814.7,3418.3,1466.7,1468.7,2337.8,2191.3,17695
2007-06-01 00:00:00,6518,3399,1461.5,1491.5,2180.3,2133.8,17184.1,6863.8,3419.6,1503.3,1480.5,2338.6,2212.2,17818.1,6877.8,3429.3,1478.9,1472.2,2356.3,2199.9,17805.8
2007-07-01 00:00:00,6751.1,3333.5,1427.6,1462.3,2284.2,2178.4,17437,6945.2,3432,1510.8,1471.2,2397.1,2202.7,17959,6931,3448.1,1491.7,1477.5,2378.3,2204.2,17933.7
2007-08-01 00:00:00,7001.1,3433.6,1406.8,1315.5,2386.6,2257.9,17801.5,6969,3476.4,1498.4,1488.4,2414.5,2216,18062.7,6988.4,3473.8,1503.8,1485.7,2408,2208.7,18075.3
2007-09-01 00:00:00,6847.4,3443.2,1459.1,1353.3,2321,2179.5,17603.5,7067.5,3544,1498.5,1497.2,2433.2,2218.8,18259.2,7026.6,3500.7,1513.8,1497,2433.2,2211.6,18210.1
2007-10-01 00:00:00,7144.7,3591.4,1561.1,1440.6,2535.3,2257.3,18530.4,7068.7,3494.5,1525.2,1507.4,2517,2183.7,18296.6,7064,3521,1519.5,1508.2,2510.4,2212.2,18316.2
2007-11-01 00:00:00,7250,3774.4,1617.8,1687.9,2692.3,2284.6,19307.1,7071.9,3529.7,1533.9,1515,2525.9,2224.7,18401.2,7084.1,3530.4,1521.2,1517.4,2534.1,2211.7,18384.2
2007-12-01 00:00:00,8154.3,4684.7,2204.2,2747,3582.4,2461.1,23833.7,7108.2,3550.5,1520,1526.2,2545.4,2222.8,18473.1,7091,3531,1522.5,1525.4,2548.8,2208.5,18427
2008-01-01 00:00:00,7206.3,3535.1,1461.1,1397.8,2437.1,2163.5,18201,7098.9,3531.7,1512.2,1539.2,2568.1,2184.1,18434.2,7100.4,3527.5,1523.3,1530.5,2558.4,2201.7,18449
2008-02-01 00:00:00,6787.8,3142.9,1278.1,1140.5,2355.5,2086.7,16791.4,7064.9,3498.1,1526.9,1537.5,2572.1,2208.8,18408.3,7114.5,3523,1521,1533.9,2569.5,2194,18457
2008-03-01 00:00:00,7315.8,3212.5,1353.9,1351.7,2414.5,2159.4,17807.9,7179.2,3521.7,1503.7,1515.5,2573.8,2179.1,18473,7129.1,3517.6,1516.7,1535,2579.4,2189.6,18465.4
2008-04-01 00:00:00,6882.6,3238.4,1486.7,1396.6,2390.5,2148.2,17543,7142.1,3507.4,1541.9,1551.4,2576.6,2179.6,18498.9,7167.6,3510.8,1512.8,1533.7,2586.9,2185.1,18479
2008-05-01 00:00:00,7163.6,3349.2,1541.9,1421.1,2530.9,2176.7,18183.5,7196.1,3503.4,1511.6,1516.8,2609.8,2183.7,18521.4,7208.3,3504,1509.5,1530.6,2588.2,2180.5,18497.4
2008-06-01 00:00:00,6761.8,3443.7,1402.5,1401.6,2378.4,2089.9,17477.9,7220.4,3502,1466,1429,2585.1,2190.6,18393.1,7249.4,3493.2,1507.2,1525.5,2586.7,2177.8,18519.7
2008-07-01 00:00:00,7240.5,3413.8,1460.4,1582.3,2521.7,2172.6,18391.2,7354.3,3493.6,1521.5,1543.4,2588.8,2179.6,18681.2,7295.2,3476.3,1506.5,1519.9,2593.1,2176.4,18544.8
2008-08-01 00:00:00,7355.4,3411,1419.4,1268.4,2540,2204,18198.2,7380.3,3457.6,1521.9,1469.7,2600.6,2173.1,18603.1,7339.1,3453.7,1507.7,1514.9,2595.3,2176.7,18575.1
2008-09-01 00:00:00,7095.7,3327.8,1468.3,1383.3,2485.9,2124.2,17885.2,7331.1,3407.3,1512.3,1534.1,2574.7,2161.2,18520.8,7377.9,3432.1,1511.5,1509.8,2605.9,2182,18620.1
2008-10-01 00:00:00,7642.8,3530.5,1547.4,1452.4,2668.9,2302.4,19144.5,7446.2,3431.8,1503.9,1501.3,2621.6,2200,18704.7,7482.5,3415.6,1517.3,1504.9,2608.2,2192.9,18690.6
2008-11-01 00:00:00,7630.1,3595.6,1594.1,1675.9,2740,2242.8,19478.5,7522.3,3388.5,1525.8,1491.1,2624.9,2208.4,18761.1,7541.6,3411.2,1524.5,1500.8,2628.6,2210.5,18787.7
2008-12-01 00:00:00,8784.9,4908.6,2308.7,2886.1,3816.6,2479.4,25184.3,7694.6,3676.7,1593.3,1616.3,2703.8,2245.9,19530.6,7603.8,3416.7,1531.8,1498.4,2651,2235,18905.7
2009-01-01 00:00:00,7985.3,3560.7,1543.2,1451,2525.9,2318.3,19384.5,7770.8,3548.6,1587.7,1584,2657.3,2317.1,19465.4,7663.5,3431,1539.6,1498,2666.9,2264.3,19033.3
2009-02-01 00:00:00,7151.3,2968.2,1259.1,1056.6,2349.1,2069.5,16853.8,7751,3455.1,1563.9,1471.4,2674.3,2296.2,19211.9,7721.1,3450.5,1547.8,1498.4,2684.8,2292.3,19157.2
2009-03-01 00:00:00,7832.4,3301.6,1518.6,1386.9,2585.3,2303.2,18927.9,7874.6,3522.5,1661.5,1626.4,2718.1,2315.8,19718.8,7760.8,3470.8,1555.4,1501,2699.4,2317.2,19264.1
2009-04-01 00:00:00,7710.6,3203.9,1579.8,1509.1,2519,2326.9,18849.3,7799.4,3563.9,1682,1613,2714.4,2371.4,19744.1,7789.9,3490.4,1563.7,1506.6,2710.5,2340.5,19354.6
2009-05-01 00:00:00,7763.2,3379.7,1709.3,1519.4,2624.2,2401.7,19397.5,7897,3560.7,1690.3,1630.9,2742.8,2418.6,19940.4,7804.8,3502.8,1571.9,1513,2715.7,2363.6,19426.8
2009-06-01 00:00:00,7399.3,3620.6,1568,1500.5,2551.6,2263,18902.9,7913.3,3645.7,1631.2,1527.5,2734.8,2381.3,19833.7,7819.2,3509.1,1581.6,1522.2,2715.7,2384.3,19490.6
2009-07-01 00:00:00,7725.6,3452.3,1514.7,1570.7,2682.3,2415.1,19360.6,7799.1,3529.2,1600.1,1541.7,2731.8,2391,19592.8,7839.8,3512.5,1591.9,1532.2,2712.7,2404.4,19561.3
2009-08-01 00:00:00,7807.5,3467.7,1498.2,1341.5,2595.8,2446.1,19156.7,7858.2,3525.9,1614.5,1558.8,2673.8,2428.3,19659.5,7864.6,3516.1,1602,1542.6,2705.8,2430,19650.2
2009-09-01 00:00:00,7635.8,3406.1,1537.2,1399.9,2620.5,2430.7,19030.3,7898.8,3475.9,1598.3,1527.2,2694.2,2454.3,19648.7,7897.5,3523.4,1610.5,1553.5,2708.1,2461.3,19752.9
2009-10-01 00:00:00,8109.7,3641.4,1631.4,1534.3,2775.7,2602,20294.6,7860.8,3515.3,1595,1581.5,2710.1,2493.2,19755.8,7923.2,3530.5,1614.9,1564,2717.7,2496.1,19848.4
2009-11-01 00:00:00,8204,3787.3,1692.5,1736.6,2849.8,2569.9,20840.1,8033.2,3585.2,1660,1586.5,2735.1,2534.5,20134.4,7938.5,3536.7,1615.7,1570.8,2728,2528.3,19921.7
2009-12-01 00:00:00,9249,4706,2493.6,2795.1,3817.7,2897.1,25958.5,7982.6,3532.8,1590.8,1535.4,2758,2590.9,19990.5,7945.6,3544,1612.9,1572.2,2740.1,2552,19969.3
2010-01-01 00:00:00,8093.4,3561,1545.9,1469.1,2601.3,2521.3,19792,7956.4,3568.2,1625.6,1604.5,2759.6,2539,20053.3,7947.1,3551,1609,1568.3,2751.7,2562.8,19995
2010-02-01 00:00:00,7243.1,3052.5,1273.6,1111.9,2426.4,2323.9,17431.5,7858.2,3556.7,1590.3,1551.5,2752.5,2582.9,19892,7953.2,3557.9,1606.5,1561.6,2758.9,2577.4,20013.6
2010-03-01 00:00:00,8017.8,3322.8,1452.3,1379.9,2709.9,2607.5,19490.3,7918.8,3501.8,1597.9,1565.6,2763.7,2590.6,19938.3,7971.5,3564.9,1607.1,1553.5,2761.2,2591,20044.6
2010-04-01 00:00:00,7835.6,3213.8,1507.5,1389.7,2549.6,2535.8,19032,8052.2,3607.5,1611.6,1527.3,2764.4,2598.1,20161.1,7999.3,3569.2,1613.2,1547.7,2770.4,2608.2,20106.7
2010-05-01 00:00:00,7887.6,3360.1,1653.6,1427.2,2633.7,2571.4,19533.6,8066,3571.6,1633.4,1533.9,2773.3,2622.3,20200.5,8031.8,3571.2,1624.3,1545.3,2781,2641.9,20195.8
2010-06-01 00:00:00,7527.9,3591.7,1558.6,1551.4,2604.6,2504.9,19339.1,8066.5,3618.3,1622.6,1553.2,2786.1,2631.4,20278.1,8057,3568,1635.3,1545.5,2800.9,2674.4,20285.1
2010-07-01 00:00:00,8044.4,3480.7,1579,1581,2765.1,2781.3,20231.6,8086,3538,1652.9,1551.8,2805.1,2752.3,20386.1,8068.5,3564.7,1641.7,1546.8,2817.4,2708.1,20347.2
2010-08-01 00:00:00,7924.7,3497.8,1511,1324,2803.4,2800,19860.8,8052.5,3538,1645.6,1555,2878.4,2773.1,20442.5,8065.8,3564,1642.6,1547.8,2834,2722.4,20376.6
2010-09-01 00:00:00,7855.4,3476.1,1610.1,1422,2809.9,2742.8,19916.3,8043.9,3541.7,1666.7,1551.2,2868.6,2756.1,20428.3,8066.4,3567.9,1636.1,1546.6,2849.2,2717.2,20381.1
2010-10-01 00:00:00,8239.5,3692.1,1594.6,1464.9,2854.1,2730.2,20575.4,8077.8,3582.5,1591.9,1525.3,2836.5,2625.8,20239.8,8085.8,3571.4,1625.1,1542.9,2858.7,2693.6,20376.8
2010-11-01 00:00:00,8288.1,3831,1656.3,1705.5,2998.3,2684.4,21163.7,8113.5,3597.4,1613,1555.9,2848.1,2644.2,20372.1,8123.4,3573.3,1613.3,1538.4,2860.1,2671.2,20380.9
2010-12-01 00:00:00,9491.8,4839.5,2546.8,2752.4,3947.6,3021.1,26599.2,8124.3,3645,1624.4,1516.7,2857.9,2679.3,20447.5,8167.6,3570.8,1605.9,1536.8,2863.5,2655.9,20405.6
2011-01-01 00:00:00,8403.6,3458.3,1499,1412.6,2692,2598.2,20063.7,8275.1,3495.9,1575.7,1545.7,2896.4,2645.8,20434.5,8215.9,3571.2,1605.3,1537,2876.5,2645.4,20450.9
2011-02-01 00:00:00,7649.6,3065.6,1291.8,1117.5,2563.6,2391.3,18079.3,8297.3,3571.3,1623.6,1562.5,2911.3,2668.6,20634.6,8251.2,3567.6,1610,1536.6,2896.2,2642.9,20505.7
2011-03-01 00:00:00,8285,3365.1,1478.2,1321.6,2835,2648.9,19933.8,8254.9,3565.5,1616.8,1506.2,2924,2645.6,20513,8279.7,3567,1614.3,1534.3,2919.8,2645,20559.7
2011-04-01 00:00:00,8211.3,3253.1,1549.9,1472.6,2747.2,2598.9,19833,8292.2,3617,1641,1570.8,2964.3,2648.9,20734.3,8303.3,3568.3,1612.4,1529.3,2943.5,2646.8,20608.7
2011-05-01 00:00:00,8059,3391.7,1626.1,1408.9,2798.4,2604.1,19888.1,8311.2,3595.1,1615.4,1528.8,2953.1,2651.2,20654.8,8332,3573.7,1602.8,1521.5,2977.7,2651.7,20656.9
2011-06-01 00:00:00,7878.3,3531.3,1545.9,1471.9,2791.4,2519.5,19738.3,8334,3567.5,1589.6,1468.6,2982,2649.2,20590.9,8364.8,3583.9,1587.5,1512.2,3001.5,2665.2,20711.9
2011-07-01 00:00:00,8315.2,3463.3,1456.2,1532.5,2950.6,2701.9,20419.6,8429.7,3536.7,1553.2,1522,3058.3,2677.6,20777.7,8395.9,3598.9,1571.1,1502.4,3017.5,2682.4,20774.1
2011-08-01 00:00:00,8360.3,3578.6,1420.7,1293.5,2995.6,2739.6,20388.3,8462.9,3628.2,1548.4,1501,3047.5,2707.8,20895.8,8429.3,3619.6,1560.4,1494.6,3038.1,2699.3,20839.9
2011-09-01 00:00:00,8274.2,3613.9,1500,1345.7,2997.8,2744.3,20475.9,8438.5,3649.7,1550,1487.6,3037.2,2724.9,20887.9,8454.8,3640.5,1560,1489.6,3042.4,2713.6,20899.4
2011-10-01 00:00:00,8606.3,3769,1566.6,1404.7,3022.4,2814.4,21183.4,8452.5,3676,1576.2,1478.6,3042.6,2741.7,20967.7,8468.9,3651.9,1568.8,1488.8,3044.3,2723.7,20946
2011-11-01 00:00:00,8569.9,3920.7,1612,1660,3317.5,2784.2,21864.2,8510.6,3674.9,1577.5,1492.9,3018.9,2732.9,21007.7,8476.3,3649.7,1582.5,1491.5,3044.5,2732.7,20978
2011-12-01 00:00:00,9936,4867.7,2577.1,2730.5,4267.6,3046.6,27425.4,8478.5,3668.6,1614,1498.1,3075.8,2704.4,21039.4,8484.4,3631.3,1596,1494.5,3050.2,2738.8,20998.6
2012-01-01 00:00:00,8534.8,3540.6,1536.3,1362.4,2826,2729.5,20529.6,8478.5,3557,1622.4,1498.7,3044,2763.8,20964.5,8503.1,3605.8,1607.9,1502.4,3063.6,2753.5,21034.4
2012-02-01 00:00:00,8119.1,3144.9,1308.8,1131.7,2810.8,2556,19071.2,8513.5,3548.7,1595.1,1517.2,3080.1,2770.3,21025,8528.7,3585,1619.5,1514.4,3079.5,2777.6,21104.8
2012-03-01 00:00:00,8736.6,3396.4,1511.5,1349.2,3035.1,2839.3,20868.1,8581.6,3591.2,1629.5,1524.9,3101.8,2813.1,21242,8567.2,3578.4,1632.3,1526,3093.2,2809.9,21207.1
2012-04-01 00:00:00,8399.2,3180.4,1517.7,1391.2,2803,2737.4,20028.9,8610.5,3581.5,1639.9,1515.1,3099.3,2832.1,21278.5,8608.9,3589.7,1645.9,1534.7,3109.9,2843.1,21329.1
2012-05-01 00:00:00,8450.7,3435.8,1695.7,1456.9,2997.2,2836.7,20873.1,8637.1,3623.2,1658.3,1545.6,3112.4,2876.7,21453.2,8654.2,3611.9,1658.2,1539.1,3114.2,2873.4,21452.8
2012-06-01 00:00:00,8269.7,3579.5,1647.6,1616.4,2980.1,2784.8,20878.1,8730.8,3617.4,1685.2,1613.4,3154.9,2910.3,21711.9,8703.5,3637.2,1665.4,1538.5,3115.8,2891.7,21553.8
2012-07-01 00:00:00,8500.4,3601.1,1546.9,1423.4,2960.6,2932.2,20964.6,8746.9,3679.2,1675.9,1458.5,3093.5,2921.7,21575.6,8746,3652.8,1665.4,1534.4,3110.6,2906,21614.2
2012-08-01 00:00:00,8787.9,3627.1,1531.4,1359,3083.9,2962.7,21352,8765,3655.9,1659.2,1539.9,3081.8,2896.1,21597.9,8781.7,3655.5,1658.3,1527.3,3101.7,2906.1,21630.2
2012-09-01 00:00:00,8582.8,3639,1565.6,1367.8,2999.1,2885.9,21040.2,8812.2,3700.5,1639.5,1523.9,3112.4,2896.3,21684.7,8811.3,3649.7,1650.9,1520.3,3093.9,2899.1,21624.4
2012-10-01 00:00:00,8982,3725.3,1619.9,1442.6,3113.9,2966.7,21850.4,8874.4,3618.8,1637.1,1519.7,3084.9,2886.6,21621.5,8838.7,3642.2,1647.3,1516.9,3090.6,2887.7,21622.9
2012-11-01 00:00:00,9048.5,3851.4,1682.8,1672.9,3451.5,2973.1,22680.2,8861.2,3583.3,1631.6,1514.9,3093,2884.7,21568.7,8865.7,3638.5,1647.8,1518,3090.2,2880.9,21641.3
2012-12-01 00:00:00,10262.1,4760.2,2615.7,2753.3,4107.5,3177.5,27676.4,8843.7,3634.7,1660.3,1525.8,3077.3,2868.9,21610.5,8895.1,3643.2,1650.9,1521.6,3093.7,2879.1,21687.5
2013-01-01 00:00:00,9067.6,3669.1,1613.2,1397.4,2913.7,2849.6,21510.6,8933.4,3667.6,1667.8,1492.6,3105,2870.9,21737.3,8928.3,3651.7,1654.7,1526.3,3105.6,2888.7,21752.4
2013-02-01 00:00:00,8264.8,3201.1,1348.1,1113.6,2764.4,2607.7,19299.8,8972.6,3706,1697.5,1563.8,3129.7,2915.6,21985.2,8959.1,3659.2,1657.1,1528.2,3118.4,2900.1,21818.7
2013-03-01 00:00:00,9272,3393.1,1448.8,1397.3,2975.3,2924,21410.5,9020.8,3666.4,1608.4,1535.2,3111,2918.9,21860.9,8982.8,3668,1658.7,1526.3,3127.3,2911.4,21877.6
2013-04-01 00:00:00,8614.9,3320.2,1578,1339.1,2895.3,2853.5,20601.1,9007.9,3653.9,1661.7,1502.1,3134.9,2919.7,21880.3,9010.7,3675.1,1663.4,1519.3,3128.3,2926.5,21925.6
2013-05-01 00:00:00,8876.5,3456.3,1718,1441.9,3086.8,2901.5,21481,9009.4,3668.3,1683.2,1521.2,3180,2941,22003.1,9034.7,3680.6,1674.1,1510.9,3128.6,2939.2,21966.8
2013-06-01 00:00:00,8516.9,3602.2,1641.1,1537.4,2873.9,2813,20984.5,9027,3659.6,1689.2,1536.6,3110.5,2970.1,21993.1,9056.5,3687.4,1693.9,1504.5,3126.3,2951.1,22018.1
2013-07-01 00:00:00,8855.8,3642.3,1592.9,1390.6,3024.2,2968.4,21474.2,9098.9,3729.4,1713.2,1425.7,3116.2,2959.2,22042.6,9079.7,3696,1721.4,1502.4,3129,2968.5,22093.2
2013-08-01 00:00:00,9188.1,3726.1,1618.4,1337.2,3089.2,3065.1,22024,9130.9,3746.2,1743.9,1510.8,3086.9,2985.9,22204.7,9107,3705.9,1749.5,1505.9,3136.2,2990.6,22198.9
2013-09-01 00:00:00,8839.1,3624.9,1676.6,1359.4,3063.1,2988.7,21551.9,9142.8,3705.6,1783.9,1557.6,3167.7,2998.8,22356.5,9138.9,3714.5,1772.2,1513.7,3163.3,3026.7,22330.1
2013-10-01 00:00:00,9338.4,3844.8,1791.4,1463.3,3240.5,3175.4,22853.7,9157.2,3689.1,1794.7,1518.1,3197.7,3074.7,22431.6,9170.9,3729.2,1786.4,1519.5,3193.2,3071.3,22472.9
2013-11-01 00:00:00,9345.9,3997.8,1879.7,1668.9,3668.3,3210.8,23771.3,9159.7,3734.4,1822.9,1507.3,3279.3,3127.2,22630.9,9204,3750.6,1793.1,1521.7,3221.8,3118.9,22618
2013-12-01 00:00:00,10856.4,4963.8,2761.9,2725.5,4293.3,3536.8,29137.6,9415,3786.4,1761.7,1521.8,3223.5,3171,22879.4,9402.3,3781.8,1791.8,1520.1,3246.1,3166.4,22898.6
2014-01-01 00:00:00,9701.6,3810.6,1718.2,1451,3070.1,3209.1,22960.6,9507.8,3822.3,1771.3,1530.1,3238.2,3223.4,23093.1,9419.5,3814.9,1784.2,1514.1,3260.5,3204.2,22997.4
2014-02-01 00:00:00,8667.9,3362.4,1416.4,1064.9,2903.6,2879.9,20295,9415.5,3871.7,1790.1,1500.1,3292.8,3217.1,23087.4,9441.6,3845.7,1773.5,1507.7,3267.4,3231.2,23064.8
2014-03-01 00:00:00,9524.6,3627,1609.5,1293.2,3099.9,3232,22386.2,9448.3,3882.1,1769.1,1477.4,3261.4,3259,23097.3,9461,3868.6,1762.6,1504.7,3267.9,3249.4,23110.2
2014-04-01 00:00:00,9223.9,3460.9,1656.5,1442.9,3009.6,3182.1,21975.8,9457.8,3871.2,1758,1535.3,3272.7,3263.5,23158.5,9480.4,3883.1,1754,1502.9,3264.1,3258.5,23148.1
2014-05-01 00:00:00,9386,3653,1780.5,1411.8,3160.5,3228.3,22620.1,9495,3860.1,1732.6,1493.8,3262.9,3267.6,23112,9510.6,3894.3,1749.7,1501.4,3271.4,3266,23195.6
2014-06-01 00:00:00,8977.5,3844.1,1680.8,1461.6,3029.7,3067.5,22061.3,9568.3,3920.5,1743.9,1483.1,3267.8,3242.4,23225.9,9550.6,3903.7,1750.3,1501.5,3278.9,3274.2,23263.4
2014-07-01 00:00:00,9393.3,3878.1,1649,1501.6,3179.3,3315.8,22917.2,9606.6,3935,1752.9,1537.4,3275.3,3295.3,23402.5,9598.3,3915.5,1755.4,1503,3292.5,3284.4,23346.5
2014-08-01 00:00:00,9582.4,3846.1,1604.1,1254.2,3260.7,3350.7,22898.2,9644.8,3921.2,1772.1,1475.1,3322.7,3300.2,23436,9644.5,3926.6,1766,1506.6,3301.3,3293.3,23432.9
2014-09-01 00:00:00,9353.8,4033.2,1691.2,1356.4,3262.1,3360.4,23057.2,9670.9,4083.9,1785.7,1520.9,3310.8,3325.6,23697.9,9677.3,4099.1,1778.6,1510.9,3302.1,3304.1,23667.9
2014-10-01 00:00:00,9964.4,4278.7,1791.5,1478.7,3417.8,3401.6,24332.7,9708.2,4115,1800,1511.3,3342.2,3289.8,23766.6,9700,4111.2,1790.6,1516.2,3306.7,3314.5,23744.3
2014-11-01 00:00:00,9911.1,4421.3,1821,1687.7,3577.5,3374.9,24793.5,9744.7,4139.4,1783.5,1527.6,3267.4,3318.7,23781.3,9726,4124.5,1802.9,1521.9,3315.2,3327.1,23819.1
2014-12-01 00:00:00,11271.6,5357.5,2907,2756.9,4440.3,3692.7,30425.9,9737.8,4117.3,1827.3,1526.7,3303.6,3326.1,23838.6,9741,4141.1,1818.1,1526.2,3323.9,3340.2,23894.5
2015-01-01 00:00:00,9955.4,4157.9,1796.2,1471.2,3152.6,3391.3,23924.6,9726.6,4149.7,1828,1547.3,3335.2,3390.8,23977.7,9760,4160.4,1835,1528.2,3337.8,3354.6,23973.5
2015-02-01 00:00:00,9020,3682.4,1456.2,1053.8,2999.9,3027.5,21239.9,9803.7,4225.9,1835.3,1488.6,3401.3,3382.9,24137.8,9777.6,4181.3,1850.9,1527.5,3353.4,3363.2,24053.4
2015-03-01 00:00:00,9926.5,3983.5,1702,1367.2,3243.1,3361.9,23584.2,9788.5,4190.1,1878.6,1560.3,3374.3,3340.7,24132.5,9799,4198.8,1863.4,1526.8,3367.7,3375.5,24131.5
2015-04-01 00:00:00,9538,3713.9,1793.4,1442.2,3058.8,3266.5,22812.9,9816.2,4197.3,1899.9,1529.5,3356.3,3380.4,24179.7,9828.4,4221.1,1871.3,1529,3378.3,3382.9,24208.5
2015-05-01 00:00:00,9707.1,3976.9,1891.2,1428.7,3214.7,3314,23532.6,9864.1,4230.8,1881,1518.5,3371.3,3375.3,24241,9850.5,4243.8,1874.9,1534.4,3391.3,3391.6,24286
2015-06-01 00:00:00,9217.8,4319.2,1774.7,1480.9,3243.5,3257.5,23293.5,9890.7,4302.7,1825.1,1514.8,3435.3,3425.9,24394.6,9873.8,4267.7,1875.8,1543.1,3406.7,3398.7,24369.1
2015-07-01 00:00:00,9718,4186.1,1788.5,1540.9,3337.2,3445.3,24015.9,9888.2,4280.3,1893.8,1582.8,3399.2,3417.7,24462,9899,4295.4,1876.6,1553.6,3434.4,3403.3,24460.8
2015-08-01 00:00:00,9834.8,4159.8,1697.1,1331.9,3379.5,3421.1,23824.2,9920.9,4323.9,1883.5,1587.3,3454.4,3394.6,24564.7,9931,4323.3,1878.6,1564.6,3453.5,3410.5,24559.9
2015-09-01 00:00:00,9645.8,4273.9,1790.1,1400.1,3454.5,3444.4,24008.9,9936.7,4346,1895.8,1543.6,3505.3,3415.8,24643.4,9966.1,4347.2,1883.9,1575.1,3468.4,3412.1,24657.2
2015-10-01 00:00:00,10319.2,4567.9,1888.5,1566.3,3579.5,3525.8,25447.3,10018.9,4364.1,1886,1590.9,3500.2,3397.4,24757.5,9999,4366.3,1892.9,1584.4,3491.6,3414,24746.9
2015-11-01 00:00:00,10128.5,4692.8,1915.6,1730.5,3824.9,3491.3,25783.5,10041.4,4393.4,1892.7,1590.9,3488.7,3429.8,24837,10029.6,4384.2,1905.4,1590.4,3504.4,3418.7,24829.9
2015-12-01 00:00:00,11731.2,5735.9,3079.9,2913.6,4642.5,3819.9,31923,10071.8,4399,1914.3,1591.8,3483,3431.8,24891.6,10048.8,4398.9,1919.6,1593.5,3517.1,3426.9,24904.1
2016-01-01 00:00:00,10244.9,4376.7,1875.7,1519.2,3304.9,3431.8,24753.1,10054.9,4395.8,1938.2,1606.4,3554.7,3440.9,24990.9,10058.1,4408.3,1934.7,1594.9,3529.9,3441,24967.1
2016-02-01 00:00:00,9556.9,3979.6,1598.7,1155.8,3257,3186.9,22734.9,10041.4,4398.5,1958.1,1591.2,3555.2,3436.6,24980.9,10056.7,4409.7,1950.3,1594,3550.1,3448.9,25013.6
2016-03-01 00:00:00,10354,4097.4,1780.6,1451.5,3398.6,3435.2,24517.3,10074.2,4442.3,1975.7,1585.4,3561,3464.4,25102.9,10052.4,4402.9,1963,1589,3571.9,3463,25043
2016-04-01 00:00:00,9727.9,4064.9,1924.6,1451,3355.8,3451.7,23975.9,10030.3,4417.6,1977.2,1579.2,3588.2,3497.3,25089.8,10063.1,4385.1,1972.9,1581.1,3591,3480.7,25066.6
2016-05-01 00:00:00,9815.2,4092.5,1926.7,1449.7,3428.5,3431,24143.5,10085.1,4343,1948.5,1570.4,3613.1,3498.7,25058.7,10073.8,4370.8,1980.9,1572.2,3597.5,3503.6,25100.9
2016-06-01 00:00:00,9516.5,4357.3,1967.1,1596.1,3414.4,3313.9,24165.3,10102.4,4352.7,1997.1,1581.4,3607.9,3507.8,25149.3,10102.8,4371.9,1986.6,1562.2,3601.1,3531.8,25159.1
2016-07-01 00:00:00,9928.5,4225.1,1876.1,1468.3,3492.7,3573,24563.7,10110.7,4340.7,2001.1,1535.3,3613.2,3547.6,25148.6,10143.5,4391,1990.6,1552.3,3605.6,3560.6,25244.4
2016-08-01 00:00:00,10041.9,4239.4,1806.3,1293.9,3562.3,3647.5,24591.3,10207.5,4397.1,1998,1545.7,3577.6,3611.4,25337.3,10191.5,4422.1,1995.4,1544.2,3614.3,3586.5,25352.5
2016-09-01 00:00:00,10005.7,4469,1896.8,1393.5,3602.3,3696.3,25063.6,10259.2,4513.6,2006.2,1538.1,3624.4,3632.5,25574.1,10242.9,4460.9,2001.4,1538.9,3619.1,3605.3,25468.4
2016-10-01 00:00:00,10482.6,4696.8,1937.8,1497.4,3643.2,3716.6,25974.6,10272.2,4534.3,1986.8,1535.5,3629,3617.8,25575.6,10294,4489.3,2006.6,1536.1,3623.2,3617.9,25567.6
2016-11-01 00:00:00,10435.7,4874.4,2057.1,1684.3,4051.1,3678.5,26781.1,10349.8,4521.5,1987.9,1531,3650,3603.2,25643.3,10332.7,4496.2,2009.1,1536.6,3630.9,3623.5,25631.8
2016-12-01 00:00:00,12230.1,5782.3,3330.5,2850.4,4859.6,4047.3,33100.2,10373.1,4436.2,2041.9,1547.6,3651,3616.2,25666,10363.7,4487.7,2009.3,1540.6,3643.2,3624.9,25665.2
2017-01-01 00:00:00,10431.5,4463.5,1939.7,1428.5,3421.5,3621.4,25306.2,10395.4,4498.8,2044,1550.9,3624.4,3639.4,25752.9,10380.8,4473,2007.9,1547.1,3649.9,3626.1,25687.5
2017-02-01 00:00:00,9574.6,3897.6,1558.9,1092.4,3230.8,3260.6,22615,10404.5,4450.9,1972.8,1541.5,3643.9,3642.7,25656.3,10395,4469.3,2005.5,1554.1,3662.7,3638.6,25723.2
2017-03-01 00:00:00,10510.3,4196.9,1826.7,1370.3,3590.4,3619,25113.5,10354.1,4437.9,1981.3,1543,3693.9,3628.3,25638.6,10408.9,4481.3,2004.5,1559.1,3680.4,3651,25783.5
2017-04-01 00:00:00,10274.1,3994.9,1885.8,1522.6,3338.8,3567,24583.1,10433,4483.2,2008.3,1600.7,3706.7,3660,25891.9,10418.6,4502.6,2006.1,1559.7,3699.6,3664.9,25856.7
2017-05-01 00:00:00,10189.7,4291,2024.2,1452.4,3577.3,3598.6,25133.2,10448.2,4552.3,2024.8,1555.2,3722,3689.1,25991.6,10438.3,4523.9,2009.5,1556.8,3723.3,3676.4,25923.3
2017-06-01 00:00:00,9857.6,4659.4,1988.3,1557.2,3560.8,3544.2,25167.5,10465.6,4593.3,2007.9,1547.7,3718.4,3710.1,26043,10455.9,4529.1,2014.2,1552.4,3728.4,3685.6,25966.5
2017-07-01 00:00:00,10272.8,4365.1,1896.4,1445.5,3600.7,3698.1,25278.6,10490.3,4529,2039.1,1539.3,3751,3700.4,26049,10475.7,4521.7,2018.1,1548.9,3725.9,3691.9,25984.3
2017-08-01 00:00:00,10363.7,4347.3,1839.3,1303.1,3710.9,3711.2,25275.4,10462.4,4495,2014.9,1524.9,3743,3662.5,25902.7,10505.7,4503.3,2019,1547.2,3720.3,3695.2,25989
2017-09-01 00:00:00,10307.9,4384.6,1891.6,1407.2,3627.8,3729.7,25348.7,10540.1,4455.8,2005.9,1559.7,3700.5,3683,25944.9,10535.6,4485.1,2019.9,1547.3,3714.5,3702.4,26003.3
2017-10-01 00:00:00,10710.9,4639,1948.2,1518.3,3709.6,3871.1,26397.1,10580.7,4451.5,2017.4,1569.4,3677.8,3727.2,26024,10573,4481.6,2024.4,1548.9,3715,3712.7,26046.8
2017-11-01 00:00:00,10780.7,5025,2139.4,1730.4,4203.7,3828.1,27707.3,10592.8,4609,2033.7,1544.9,3781.5,3743.3,26305.2,10606,4493.8,2031.7,1548.9,3715.4,3727.1,26121.8
2017-12-01 00:00:00,12552.1,5901.4,3297.7,2822.6,4890.3,4174.9,33639,10692.3,4571.6,2046.7,1547.3,3729.1,3741.4,26328.4,10640.6,4526,2039.8,1546.2,3726.9,3739.9,26215.1
2018-01-01 00:00:00,10713.3,4516.1,1967.4,1413.1,3587.3,3698.8,25896,10668.6,4566.4,2052.6,1533.7,3758.8,3737.6,26317.7,10680.8,4556.4,2049.1,1544.5,3741.7,3750.2,26313
2018-02-01 00:00:00,9833.2,4023.6,1632.2,1099.4,3334.5,3377.8,23300.7,10673.4,4587.9,2071.6,1545.9,3768.2,3771.4,26418.5,10711.3,4581.4,2058.9,1545.9,3753.4,3753,26404.7
2018-03-01 00:00:00,11188.4,4327.6,1884.8,1416.2,3651.9,3749.1,26218,10748,4569.2,2047.2,1549.4,3759.4,3741.3,26414.4,10748.5,4596.3,2068.5,1550.9,3761.7,3756.3,26488.3
2018-04-01 00:00:00,10354.1,4131.3,1913.2,1402.7,3402.6,3679.3,24883.3,10805.3,4619.9,2056.5,1538.5,3772.8,3779.8,26572.8,10794.4,4599.9,2076.5,1557.5,3777.8,3766.2,26568.6
2018-05-01 00:00:00,10645.2,4370.8,2123.9,1518,3629.7,3666.6,25954.1,10847.6,4612.2,2109.8,1592.7,3777.8,3750.9,26691,10834.5,4597.8,2082.8,1562.7,3789,3779.9,26648.8
2018-06-01 00:00:00,10268.2,4659.6,2099.3,1587.2,3611.7,3601.3,25827.2,10873.2,4601.1,2108.4,1577.3,3780.6,3793.9,26734.4,10874.1,4595.8,2088.3,1565.2,3811.8,3799.9,26729.6
2018-07-01 00:00:00,10604.4,4420.4,1918.7,1426.7,3721.4,3844,25935.6,10914.8,4564.1,2082.2,1547.4,3852.7,3821.4,26782.5,10908.1,4594.7,2093.2,1565.8,3827.2,3813.3,26807.1
2018-08-01 00:00:00,10852.2,4434.8,1919.5,1343.6,3882.2,3908.3,26340.6,10926.6,4580.7,2085.4,1555.3,3877.8,3853.1,26879,10937.6,4595.3,2096.9,1564,3856.9,3822.2,26871.7
2018-09-01 00:00:00,10713.8,4467.8,1915.4,1398.8,3704.7,3863.4,26063.9,10978.5,4592.9,2074.5,1562.2,3863.2,3846.9,26918.3,10971.6,4596.2,2099.6,1560.6,3871.8,3825.2,26925.4
2018-10-01 00:00:00,11126.1,4779.9,2082.5,1524.8,3965.3,3929.1,27407.7,11004.4,4635.8,2133.5,1567.1,3884,3798.1,27022.9,11012.1,4596.9,2103.3,1556.1,3879,3822.9,26974.6
2018-11-01 00:00:00,11214.7,5100,2268.7,1745.1,4346.5,3934.2,28609.2,11031.7,4614.9,2130.5,1559.1,3882.3,3794.5,27013,11058.7,4595.3,2110.3,1551.9,3886.5,3829.1,27026.8
2018-12-01 00:00:00,13037.6,5826.5,3351.8,2813.5,5053.1,4278.9,34361.4,11123.2,4552.3,2094.7,1552.1,3883.7,3844,27050.1,11103.8,4586.5,2118.8,1549.3,3888.4,3834.9,27083
2019-01-01 00:00:00,11253.8,4518.6,2027.6,1409.6,3711.7,3826.7,26748,11144.9,4565.8,2105.8,1517.3,3898.9,3859.8,27092.5,11147.2,4576,2127.1,1548.5,3892.3,3853.3,27143.2
2019-02-01 00:00:00,10308.6,4020.5,1690.8,1115.2,3458.1,3456,24049.2,11190.3,4581.1,2147.7,1565,3906.4,3863.3,27253.8,11180.6,4566.6,2134.5,1550.3,3900.8,3872.4,27204.7
2019-03-01 00:00:00,11405.1,4325.4,1970.6,1355.7,3706.7,3897.1,26660.6,11215,4571.6,2166.8,1545,3886.2,3916,27300.5,11203.2,4561.3,2142.1,1554.7,3914.7,3890.2,27264
2019-04-01 00:00:00,10964.8,4086.4,1996.7,1474.6,3606.5,3808.2,25937.2,11232,4540.7,2139.1,1575.2,3932.7,3889.7,27309.5,11208.6,4562.8,2150.4,1560.5,3924.3,3903.6,27318.3
2019-05-01 00:00:00,11024.2,4345.5,2167.9,1512,3829.4,3829,26708,11211.6,4578.2,2141.8,1571.7,3947.2,3909.4,27360,11222.1,4568.8,2157.3,1564.7,3942.1,3910.3,27363.7
2019-06-01 00:00:00,10587.6,4590.4,2134.9,1570.2,3722.7,3706,26311.9,11199.6,4572.4,2179.7,1563.5,3969.7,3924,27408.9,11236.8,4579.3,2162.1,1567.7,3959.5,3906.6,27408.6
2019-07-01 00:00:00,10949.7,4431.4,2005.3,1439.2,3873.3,3903.5,26602.4,11260.8,4596.1,2152.6,1558.2,3958.8,3904,27430.5,,,,,,,
2019-08-01 00:00:00,11294.6,4480.6,2030.1,1381.4,3969.8,3948.4,27104.8,11292.2,4614.5,2189.7,1579.8,3977.7,3889.6,27543.5,,,,,,,
2019-09-01 00:00:00,10946.6,4491.2,1981.3,1384.2,3853.6,3926.6,26583.6,11325.3,4620.6,2176.4,1580,3990.6,3896.4,27589.2,,,,,,,
2019-10-01 00:00:00,11565.4,4793.9,2126.9,1544.5,4069.3,4043.2,28143.2,11383.4,4639.5,2161.3,1566.7,3988.9,3895.2,27635,,,,,,,
2019-11-01 00:00:00,11643.3,5172.5,2404,1826.3,4408.9,4067.3,29522.2,11433,4689.9,2236.9,1627.4,3962.5,3945.9,27895.6,,,,,,,
2019-12-01 00:00:00,13292.7,6024.6,3474.3,2819.9,5191.2,4389.3,35192.1,11437.8,4663.9,2189.5,1573.8,3973.1,3909.1,27747.2,,,,,,,
2020-01-01 00:00:00,11576,4563.4,2086.8,1417.3,3789.7,3890.1,27323.3,11451,4608.4,2160.5,1522.1,3956.3,3910.1,27608.3,,,,,,,
2020-02-01 00:00:00,11064.6,4214.4,1718.2,1180.2,3629.8,3621.3,25428.4,11528.8,4646.5,2099,1587.2,3978.6,3935.6,27775.7,,,,,,,
2020-03-01 00:00:00,14310.5,4752.4,1452.4,1241.4,4395.4,3007.1,29159.2,14265.5,5028.1,1631.5,1449.2,4626.2,3032.8,30033.3,,,,,,,
2020-04-01 00:00:00,11652.9,4532.7,703.9,1177,3645.2,1907.9,23619.5,11821.1,5068.6,750.4,1228.4,3989.3,1958.9,24816.7,,,,,,,
2020-05-01 00:00:00,12505.2,5607.6,1740.7,1697.2,4131.3,2499.1,28181.1,12652.7,5895.3,1736.2,1766.7,4333.7,2555.5,28940.1,,,,,,,
2020-06-01 00:00:00,11944.4,5756.6,2055.3,1557.7,4142.6,3111.8,28568.4,12761.8,5679.3,2098,1577.1,4337.5,3271.2,29724.9,,,,,,,
2020-07-01 00:00:00,12685.4,5764.9,2104.2,1528,4467.8,3458,30008.2,12948.3,5965.3,2220.8,1619.3,4548.3,3427.1,30729.1,,,,,,,
2020-08-01 00:00:00,12758.2,5336.9,1798,1236.8,4204.6,3229.6,28564.2,12910.9,5573.8,1985.4,1481.4,4317,3212,29480.4,,,,,,,
2020-09-01 00:00:00,12367.9,5272.7,1821.5,1360.2,4170.9,3342.5,28335.7,12739.1,5380.9,1959.1,1494.4,4274.9,3314.7,29163,,,,,,,
2020-10-01 00:00:00,13027.3,5565.9,2083.7,1562.4,4462.9,3615.8,30318,12745.2,5363.4,2095.6,1571.5,4357.1,3468.9,29601.6,,,,,,,
2020-11-01 00:00:00,12768,6525.9,2757.6,2070.7,5172.7,3805.6,33100.4,12685.7,5981.3,2631.7,1877,4697.9,3697.7,31571.4,,,,,,,
2020-12-01 00:00:00,14684.1,7065,3868.9,3012.7,5939.5,4260.1,38830.4,12564.5,5513.3,2395.3,1655.4,4503.2,3819.2,30450.9,,,,,,,
2021-01-01 00:00:00,12845.7,5447.4,2237.5,1514,4300.6,3783.9,30129,12684.1,5509.2,2344.8,1638.8,4554.9,3806.8,30538.5,,,,,,,
2021-02-01 00:00:00,11359.1,4879.3,1872.8,1197.7,4008.5,3440.4,26757.8,12307.9,5550.1,2383.2,1675.4,4536.1,3848,30300.6,,,,,,,
2021-03-01 00:00:00,12539.7,5337.3,2297.3,1600.2,4491.2,4044.9,30310.7,12191.5,5546.1,2511.8,1817.1,4598.9,4034.2,30699.6,,,,,,,
2021-04-01 00:00:00,11981.3,5011.2,2387.6,1596.8,4252.1,4017.5,29246.6,12359.7,5629,2540.9,1695.3,4678,4125.3,31028.2,,,,,,,
2021-05-01 00:00:00,12310.8,5249.2,2519.6,1602.1,4468,4043.1,30192.8,12501.4,5569.1,2540.1,1683.9,4708.6,4155.1,31158.3,,,,,,,
2021-06-01 00:00:00,11922.3,5551.9,2265.2,1560.2,4410.4,3696.9,29406.8,12694,5494.8,2299.3,1565.3,4632.6,3904.4,30590.5,,,,,,,
2021-07-01 00:00:00,12788.2,5199.7,1841.5,1313.9,4558.3,3447.7,29149.3,12990.9,5371.7,1944.5,1387,4658.7,3425.7,29778.6,,,,,,,
